symbol,n,value
A,2,2.1213203435596424
A,3,1.7320508075688774
A,4,1.5
A,5,1.3416407864998738
A,6,1.2247448713915892
A,7,1.1338934190276817
A,8,1.0606601717798212
A,9,1.0
A,10,0.9486832980505138
A,11,0.9045340337332909
A,12,0.8660254037844387
A,13,0.8320502943378437
A,14,0.8017837257372732
A,15,0.7745966692414834
A,16,0.75
A,17,0.7276068751089989
A,18,0.7071067811865476
A,19,0.6882472016116852
A,20,0.6708203932499369
A,21,0.6546536707079772
A,22,0.6396021490668313
A,23,0.6255432421712244
A,24,0.6123724356957946
A,25,0.6
A,26,0.5883484054145521
A,27,0.5773502691896257
A,28,0.5669467095138409
A,29,0.5570860145311556
A,30,0.5477225575051661
A,31,0.5388159060803247
A,32,0.5303300858899106
A,33,0.5222329678670935
A,34,0.5144957554275265
A,35,0.50709255283711
A,36,0.5
A,37,0.4931969619160719
A,38,0.48666426339228763
A,39,0.48038446141526137
A,40,0.4743416490252569
A,41,0.4685212856658182
A,42,0.4629100498862757
A,43,0.457495710997814
A,44,0.45226701686664544
A,45,0.4472135954999579
A,46,0.4423258684646914
A,47,0.4375949744936837
A,48,0.43301270189221935
A,49,0.42857142857142855
A,50,0.4242640687119285
A,51,0.42008402520840293
A,52,0.41602514716892186
A,53,0.4120816918460671
A,54,0.408248290463863
A,55,0.40451991747794525
A,56,0.4008918628686366
A,57,0.39735970711951313
A,58,0.39391929857916763
A,59,0.39056673294247163
A,60,0.3872983346207417
A,61,0.3841106397986879
A,62,0.3810003810005715
A,63,0.3779644730092272
A,64,0.375
A,65,0.3721042037676254
A,66,0.3692744729379982
A,67,0.36650833306891567
A,68,0.36380343755449945
A,69,0.3611575592573076
A,70,0.35856858280031806
A,71,0.35603449745815596
A,72,0.3535533905932738
A,73,0.3511234415883917
A,74,0.34874291623145787
A,75,0.3464101615137754
A,76,0.3441236008058426
A,77,0.3418817293789138
A,78,0.3396831102433787
A,79,0.3375263702778072
A,80,0.33541019662496846
A,81,0.3333333333333333
A,82,0.3312945782245396
A,83,0.329292779969071
A,84,0.3273268353539886
A,85,0.32539568672798425
A,86,0.3234983196103152
A,87,0.3216337604513384
A,88,0.31980107453341566
A,89,0.31799936400190804
A,90,0.31622776601683794
A,91,0.3144854510165755
A,92,0.3127716210856122
A,93,0.3110855084191276
A,94,0.309426373877638
A,95,0.30779350562554625
A,96,0.3061862178478973
A,97,0.30460384954008574
A,98,0.30304576336566325
A,99,0.30151134457776363
A,100,0.3
A,101,0.29851115706299675
A,102,0.2970442628930023
A,103,0.29559878344928797
A,104,0.29417420270727607
A,105,0.29277002188455997
A,106,0.29138575870717925
A,107,0.29002094671369905
A,108,0.28867513459481287
A,109,0.2873478855663454
A,110,0.28603877677367767
A,111,0.2847473987257497
A,112,0.2834733547569204
A,113,0.2822162605150792
A,114,0.2809757434745082
A,115,0.27975144247209416
A,116,0.2785430072655778
A,117,0.2773500981126145
A,118,0.276172385369497
A,119,0.2750095491084634
A,120,0.27386127875258304
A,121,0.2727272727272727
A,122,0.2716072381275556
A,123,0.2705008904002297
A,124,0.26940795304016235
A,125,0.2683281572999747
A,126,0.2672612419124244
A,127,0.26620695282483414
A,128,0.2651650429449553
A,129,0.26413527189768715
A,130,0.2631174057921088
A,131,0.26211121699831136
A,132,0.26111648393354675
A,133,0.26013299085723596
A,134,0.25916052767440806
A,135,0.25819888974716115
A,136,0.25724787771376323
A,137,0.25630729731502827
A,138,0.2553769592276246
A,139,0.2544566789039913
A,140,0.253546276418555
A,141,0.2526455763199557
A,142,0.25175440748900674
A,143,0.2508726030021272
A,144,0.25
A,145,0.2491364395612199
A,146,0.24828176658071038
A,147,0.24743582965269675
A,148,0.24659848095803594
A,149,0.24576957615571215
A,150,0.24494897427831783
A,151,0.24413653763134782
A,152,0.24333213169614382
A,153,0.242535625036333
A,154,0.24174688920761409
A,155,0.24096579867074966
A,156,0.24019223070763068
A,157,0.23942606534028665
A,158,0.23866718525271902
A,159,0.23791547571544325
A,160,0.23717082451262844
A,161,0.23643312187173018
A,162,0.23570226039551584
A,163,0.2349781349963872
A,164,0.2342606428329091
A,165,0.23354968324845687
A,166,0.23284515771189984
A,167,0.23214696976024105
A,168,0.23145502494313785
A,169,0.23076923076923078
A,170,0.2300894966542111
A,171,0.22941573387056177
A,172,0.228747855498907
A,173,0.22808577638091165
A,174,0.227429413073671
A,175,0.22677868380553634
A,176,0.22613350843332272
A,177,0.22549380840084865
A,178,0.22485950669875843
A,179,0.22423052782558076
A,180,0.22360679774997896
A,181,0.2229882438741499
A,182,0.22237479499833035
A,183,0.22176638128637186
A,184,0.2211629342323457
A,185,0.22056438662814232
A,186,0.21997067253202995
A,187,0.21938172723813917
A,188,0.21879748724684184
A,189,0.21821789023599236
A,190,0.2176428750330035
A,191,0.2170723815877265
A,192,0.21650635094610968
A,193,0.21594472522460836
A,194,0.21538744758532144
A,195,0.21483446221182986
A,196,0.21428571428571427
A,197,0.21374114996372895
A,198,0.21320071635561044
A,199,0.21266436150250076
A,200,0.21213203435596426
A2,2,1.87997120597325
A2,3,1.0233267079464885
A2,4,0.7285971858947043
A2,5,0.5768193340850856
A2,6,0.48324602427050906
A2,7,0.41928396411410984
A2,8,0.37252737558279453
A2,9,0.33669735240336557
A2,10,0.30826372523660955
A2,11,0.2850836192216004
A2,12,0.26577790070285195
A2,13,0.24941702468831053
A2,14,0.23535059535176042
A2,15,0.2231092430037009
A2,16,0.2123453157669868
A2,17,0.2027955426827647
A2,18,0.19425670213733082
A2,19,0.18656928716331664
A2,20,0.179606252230855
A2,21,0.17326508288048206
A2,22,0.16746209371143195
A2,23,0.16212825456675467
A2,24,0.15720608591538868
A2,25,0.1526473158603439
A2,26,0.1484110885653302
A2,27,0.14446257784420835
A2,28,0.1407719024854349
A2,29,0.13731326907536867
A2,30,0.13406428830568934
A2,31,0.13100542496685036
A2,32,0.12811955196247635
A2,33,0.12539158599357966
A2,34,0.12280818790325584
A2,35,0.12035751461657838
A2,36,0.11802901255234666
A2,37,0.11581324459874426
A2,38,0.11370174442820735
A2,39,0.11168689321647284
A2,40,0.1097618148267103
A2,41,0.10792028629447413
A2,42,0.10615666105627147
A2,43,0.10446580284331548
A2,44,0.1028430285420106
A2,45,0.10128405862608746
A2,46,0.09978497400888363
A2,47,0.0983421783608962
A2,48,0.09695236509727455
A2,49,0.09561248837000597
A2,50,0.09431973750610959
A2,51,0.0930715144208344
A2,52,0.09186541360731144
A2,53,0.0906992043642268
A2,54,0.08957081497315532
A2,55,0.08847831857906077
A2,56,0.08741992056259819
A2,57,0.08639394722243193
A2,58,0.0853988356107724
A2,59,0.08443312438651013
A2,60,0.08349544556833056
A2,61,0.08258451708554242
A2,62,0.0816991360374772
A2,63,0.08083817258357406
A2,64,0.08000056439593545
A2,65,0.07918531161449086
A2,66,0.07839147225208151
A2,67,0.07761815800307151
A2,68,0.07686453041445722
A2,69,0.07612979738319595
A2,70,0.07541320994757338
A2,71,0.07471405934402628
A2,72,0.07403167430398226
A2,73,0.07336541856804023
A2,74,0.07271468859724156
A2,75,0.07207891146332038
A2,76,0.07145754290170732
A2,77,0.07085006551272864
A2,78,0.07025598709791928
A2,79,0.06967483911967706
A2,80,0.0691061752736496
A2,81,0.0685495701642801
A2,82,0.0680046180748605
A2,83,0.0674709318242642
A2,84,0.06694814170326632
A2,85,0.06643589448401784
A2,86,0.06593385249683084
A2,87,0.06544169276896192
A2,88,0.06495910622055656
A2,89,0.06448579691334688
A2,90,0.06402148134807999
A2,91,0.06356588780700438
A2,92,0.06311875573805421
A2,93,0.06267983517765822
A2,94,0.0622488862093561
A2,95,0.0618256784556388
A2,96,0.061409990600642006
A2,97,0.06100160994151381
A2,98,0.060600331966452044
A2,99,0.06020595995756748
A2,100,0.059818304616872986
A2,101,0.05943718371383127
A2,102,0.05906242175301532
A2,103,0.05869384966054568
A2,104,0.05833130448806795
A2,105,0.05797462913313193
A2,106,0.05762367207490965
A2,107,0.05727828712427562
A2,108,0.056938333187339346
A2,109,0.05660367404158646
A2,110,0.05627417812384604
A2,111,0.05594971832935533
A2,112,0.05563017182124604
A2,113,0.05531541984982289
A2,114,0.05500534758104497
A2,115,0.0546998439336681
A2,116,0.054398801424535424
A2,117,0.054102116021541025
A2,118,0.053809687003825935
A2,119,0.05352141682878758
A2,120,0.053237211005518724
A2,121,0.052956977974312175
A2,122,0.0526806289918924
A2,123,0.05240807802205667
A2,124,0.05213924163142861
A2,125,0.05187403889004482
A2,126,0.05161239127651392
A2,127,0.051354222587501996
A2,128,0.05109945885131471
A2,129,0.05084802824535961
A2,130,0.05059986101728521
A2,131,0.05035488940960575
A2,132,0.05011304758763228
A2,133,0.04987427157054
A2,134,0.04963849916541342
A2,135,0.049405669904118495
A2,136,0.04917572498286082
A2,137,0.048948607204296155
A2,138,0.04872426092206755
A2,139,0.04850263198765032
A2,140,0.04828366769939282
A2,141,0.048067316753646935
A2,142,0.047853529197888336
A2,143,0.047642256385731975
A2,144,0.04743345093375314
A2,145,0.047227066680029565
A2,146,0.04702305864432445
A2,147,0.04682138298983451
A2,148,0.046621996986431276
A2,149,0.046424858975327374
A2,150,0.04622992833510344
A2,151,0.046037165449034426
A2,152,0.045846531673657036
A2,153,0.045657989308523494
A2,154,0.0454715015670892
A2,155,0.04528703254868443
A2,156,0.04510454721152325
A2,157,0.04492401134670454
A2,158,0.04474539155316253
A2,159,0.04456865521352647
A2,160,0.04439377047085069
A2,161,0.04422070620617841
A2,162,0.04404943201690454
A2,163,0.04387991819590393
A2,164,0.043712135711393735
A2,165,0.043546056187499356
A2,166,0.04338165188549554
A2,167,0.04321889568569501
A2,168,0.04305776106995859
A2,169,0.04289822210480183
A2,170,0.042740253425074363
A2,171,0.04258383021818937
A2,172,0.04242892820888118
A2,173,0.042275523644470826
A2,174,0.04212359328061922
A2,175,0.041973114367549504
A2,176,0.0418240646367201
A2,177,0.04167642228793166
A2,178,0.041530165976851045
A2,179,0.04138527480293669
A2,180,0.04124172829775023
A2,181,0.04109950641363998
A2,182,0.04095858951278228
A2,183,0.04081895835656773
A2,184,0.04068059409531929
A2,185,0.04054347825833035
A2,186,0.0404075927442111
A2,187,0.04027291981153181
A2,188,0.04013944206975266
A2,189,0.040007142470429594
A2,190,0.03987600429868646
A2,191,0.03974601116494413
A2,192,0.03961714699689725
A2,193,0.039489396031730156
A2,194,0.03936274280856361
A2,195,0.039237172161124295
A2,196,0.03911266921062923
A2,197,0.038989219358878176
A2,198,0.03886680828154622
A2,199,0.038745421921670575
A2,200,0.03862504648332423
A3,2,2.6586807763582736
A3,3,1.95441004761168
A3,4,1.628102822756102
A3,5,1.4272992929222166
A3,6,1.2871282962146753
A3,7,1.1819161019031796
A3,8,1.0990950233987695
A3,9,1.03166095277304
A3,10,0.9753500771452293
A3,11,0.927394229957708
A3,12,0.8859057019313308
A3,13,0.849546184617197
A3,14,0.8173364643410086
A3,15,0.7885410901802005
A3,16,0.762595382525386
A3,17,0.7390575328560592
A3,18,0.7175761863091639
A3,19,0.697867913152062
A3,20,0.6797011871240741
A3,21,0.6628847579272156
A3,22,0.6472590597830987
A3,23,0.6326897607446272
A3,24,0.6190628491274287
A3,25,0.6062808418107432
A3,26,0.5942598235256689
A3,27,0.5829271099946949
A3,28,0.57221938519986
A3,29,0.5620812030668987
A3,30,0.5524637721555338
A3,31,0.5433239622448517
A3,32,0.5346234864470285
A3,33,0.5263282233190955
A3,34,0.5184076514940242
A3,35,0.5108343753959378
A3,36,0.503583725183677
A3,37,0.49663341756786866
A3,38,0.48996326684539043
A3,39,0.4835549375917962
A3,40,0.4773917320931852
A3,41,0.4714584068921977
A3,42,0.46574101384860433
A3,43,0.4602267619337679
A3,44,0.4549038966356007
A3,45,0.44976159438140595
A3,46,0.4447898698167383
A3,47,0.4399794941298104
A3,48,0.43532192289900024
A3,49,0.43080923217815403
A3,50,0.42643406173052356
A3,51,0.42218956448505135
A3,52,0.41806936142452944
A3,53,0.41406750122882285
A3,54,0.4101784240918515
A3,55,0.40639692921150566
A3,56,0.4027181455197885
A3,57,0.39913750527823616
A3,58,0.39565072021288716
A3,59,0.39225375990504907
A3,60,0.38894283219009257
A3,61,0.3857143653473854
A3,62,0.382564991891064
A3,63,0.379491533794311
A3,64,0.3764909889996501
A3,65,0.37356051908503796
A3,66,0.37069743797048843
A3,67,0.3678992015630434
A3,68,0.36516339824931254
A3,69,0.362487740154782
A3,70,0.359870055097862
A3,71,0.3573082791743336
A3,72,0.3548004499146348
A3,73,0.35234469996241335
A3,74,0.3499392512280475
A3,75,0.3475824094755296
A3,76,0.34527255930524464
A3,77,0.3430081594988759
A3,78,0.34078773869594364
A3,79,0.3386098913744101
A3,80,0.3364732741103936
A3,81,0.33437660209437403
A3,82,0.33231864588335214
A3,83,0.3302982283703063
A3,84,0.3283142219539735
A3,85,0.32636554589348354
A3,86,0.32445116383374917
A3,87,0.3225700814887347
A3,88,0.32072134447083306
A3,89,0.3189040362555886
A3,90,0.3171172762718963
A3,91,0.3153602181086436
A3,92,0.3136320478294886
A3,93,0.3119319823881583
A3,94,0.31025926813725
A3,95,0.3086131794240921
A3,96,0.3069930172677107
A3,97,0.3053981081114335
A3,98,0.303827802646062
A3,99,0.30228147469895283
A3,100,0.30075852018467714
A3,101,0.29925835611327645
A3,102,0.2977804196524063
A3,103,0.2963241672399467
A3,104,0.29488907374389683
A3,105,0.2934746316666079
A3,106,0.2920803503906139
A3,107,0.29070575546351124
A3,108,0.2893503879195287
A3,109,0.2880138036355703
A3,110,0.2866955727196931
A3,111,0.28539527893009886
A3,112,0.2841125191228553
A3,113,0.2828469027266906
A3,114,0.2815980512432979
A3,115,0.28036559777170234
A3,116,0.27914918655533544
A3,117,0.2779484725505386
A3,118,0.27676312101531886
A3,119,0.275592807117233
A3,120,0.27443721555936157
A3,121,0.27329604022339665
A3,122,0.2721689838289207
A3,123,0.27105575760802164
A3,124,0.26995608099442636
A3,125,0.2688696813264032
A3,126,0.2677962935627105
A3,127,0.2667356600109251
A3,128,0.2656875300675112
A3,129,0.2646516599690449
A3,130,0.26362781255402057
A3,131,0.2626157570347248
A3,132,0.2616152687786633
A3,133,0.2606261290990887
A3,134,0.2596481250541685
A3,135,0.2586810492543877
A3,136,0.25772469967778155
A3,137,0.2567788794926319
A3,138,0.2558433968872653
A3,139,0.2549180649066277
A3,140,0.25400270129531294
A3,141,0.25309712834674913
A3,142,0.252201172758257
A3,143,0.25131466549171594
A3,144,0.250437441639578
A3,145,0.24956934029599195
A3,146,0.24871020443280964
A3,147,0.24785988078025623
A3,148,0.24701821971205398
A3,149,0.2461850751348149
A3,150,0.2453603043815063
A3,151,0.24454376810881556
A3,152,0.24373533019825214
A3,153,0.24293485766081924
A3,154,0.24214222054510684
A3,155,0.24135729184866614
A3,156,0.24057994743251915
A3,157,0.2398100659386827
A3,158,0.23904752871057414
A3,159,0.2382922197161848
A3,160,0.23754402547390843
A3,161,0.23680283498091437
A3,162,0.23606853964396274
A3,163,0.23534103321256988
A3,164,0.2346202117144191
A3,165,0.2339059733929422
A3,166,0.23319821864697032
A3,167,0.23249684997239028
A3,168,0.23180177190571238
A3,169,0.23111289096948676
A3,170,0.23043011561949456
A3,171,0.2297533561936432
A3,172,0.22908252486250286
A3,173,0.22841753558142616
A3,174,0.22775830404418246
A3,175,0.22710474763806168
A3,176,0.2264567854003828
A3,177,0.22581433797636083
A3,178,0.22517732757828465
A3,179,0.22454567794594799
A3,180,0.22391931430830123
A3,181,0.22329816334627045
A3,182,0.222682153156703
A3,183,0.22207121321740578
A3,184,0.22146527435322866
A3,185,0.22086426870316359
A3,186,0.22026812968841866
A3,187,0.21967679198143553
A3,188,0.21909019147581757
A3,189,0.21850826525713613
A3,190,0.21793095157458534
A3,191,0.2173581898134567
A3,192,0.21678992046840495
A3,193,0.21622608511747934
A3,194,0.21566662639689393
A3,195,0.21511148797651103
A3,196,0.214560614536018
A3,197,0.2140139517417697
A3,198,0.21347144622427583
A3,199,0.21293304555631726
A3,200,0.21239869823165997
B3,2,0.0
B3,3,0.0
B3,4,0.0
B3,5,0.0
B3,6,0.0303632094959706
B3,7,0.1176850315414264
B3,8,0.18508959775964495
B3,9,0.23913280180494512
B3,10,0.2837055564420128
B3,11,0.32128014958500617
B3,12,0.3535118310646934
B3,13,0.3815556958227566
B3,14,0.4062453847080839
B3,15,0.42819954220140033
B3,16,0.4478881642414857
B3,17,0.46567554163051217
B3,18,0.48184896328959403
B3,19,0.4966384401475734
B3,20,0.5102305894019981
B3,21,0.5227786172679515
B3,22,0.5344096324357417
B3,23,0.5452300943607266
B3,24,0.5553299334624943
B3,25,0.5647857094848774
B3,26,0.573663062501342
B3,27,0.5820186364169924
B3,28,0.5899016040531703
B3,29,0.5973548877822648
B3,30,0.6044161450088663
B3,31,0.6111185702134987
B3,32,0.6174915525836927
B3,33,0.6235612189827193
B3,34,0.6293508851532348
B3,35,0.6348814329350954
B3,36,0.6401716274176148
B3,37,0.6452383850101394
B3,38,0.6500970011607856
B3,39,0.654761344709446
B3,40,0.6592440245024873
B3,41,0.6635565328283346
B3,42,0.6677093693910625
B3,43,0.671712148866632
B3,44,0.6755736945512194
B3,45,0.6793021201774234
B3,46,0.6829049016254211
B3,47,0.6863889399717843
B3,48,0.6897606170854733
B3,49,0.6930258447904785
B3,50,0.6961901084566212
B3,51,0.6992585057496317
B3,52,0.7022357811631516
B3,53,0.7051263568650037
B3,54,0.7079343603132345
B3,55,0.710663649034925
B3,56,0.7133178329050389
B3,57,0.7159002942190231
B3,58,0.7184142058117501
B3,59,0.7208625474444101
B3,60,0.7232481206513139
B3,61,0.7255735622147321
B3,62,0.7278413564153906
B3,63,0.7300538461874289
B3,64,0.7322132432926931
B3,65,0.7343216376134561
B3,66,0.736381005653326
B3,67,0.7383932183245949
B3,68,0.7403600480914987
B3,69,0.7422831755318786
B3,70,0.7441641953719604
B3,71,0.7460046220436887
B3,72,0.7478058948088535
B3,73,0.7495693824888326
B3,74,0.7512963878359541
B3,75,0.7529881515774928
B3,76,0.7546458561615035
B3,77,0.7562706292297001
B3,78,0.7578635468406455
B3,79,0.7594256364643275
B3,80,0.7609578797670881
B3,81,0.7624612152036448
B3,82,0.7639365404322932
B3,83,0.7653847145671703
B3,84,0.7668065602800791
B3,85,0.7682028657643151
B3,86,0.7695743865704221
B3,87,0.7709218473239811
B3,88,0.7722459433341955
B3,89,0.7735473421012418
B3,90,0.7748266847302785
B3,91,0.7760845872581748
B3,92,0.7773216418999989
B3,93,0.7785384182202626
B3,94,0.7797354642348671
B3,95,0.7809133074478269
B3,96,0.7820724558281837
B3,97,0.7832133987301108
B3,98,0.7843366077611436
B3,99,0.7854425376007753
B3,100,0.7865316267741723
B3,101,0.7876042983822963
B3,102,0.7886609607927455
B3,103,0.7897020082926753
B3,104,0.7907278217070531
B3,105,0.7917387689838287
B3,106,0.792735205748296
B3,107,0.7937174758290065
B3,108,0.7946859117556021
B3,109,0.7956408352323247
B3,110,0.7965825575865946
B3,111,0.7975113801954082
B3,112,0.798427594890825
B3,113,0.7993314843447896
B3,114,0.8002233224357125
B3,115,0.8011033745971095
B3,116,0.8019718981491898
B3,117,0.8028291426154187
B3,118,0.8036753500231764
B3,119,0.8045107551909623
B3,120,0.8053355860023249
B3,121,0.8061500636667572
B3,122,0.8069544029691139
B3,123,0.8077488125071615
B3,124,0.8085334949193769
B3,125,0.8093086471016471
B3,126,0.8100744604151293
B3,127,0.8108311208842709
B3,128,0.8115788093871633
B3,129,0.8123177018367141
B3,130,0.8130479693549271
B3,131,0.8137697784388119
B3,132,0.814483291120568
B3,133,0.8151886651196423
B3,134,0.8158860539897996
B3,135,0.816575607259076
B3,136,0.8172574705648252
B3,137,0.8179317857825157
B3,138,0.8185986911501614
B3,139,0.8192583213870889
B3,140,0.8199108078083599
B3,141,0.8205562784344862
B3,142,0.8211948580971197
B3,143,0.8218266685402316
B3,144,0.82245182851775
B3,145,0.8230704538873957
B3,146,0.8236826577007887
B3,147,0.824288550289926
B3,148,0.8248882393513779
B3,149,0.8254818300261135
B3,150,0.8260694249770499
B3,151,0.8266511244640369
B3,152,0.8272270264151487
B3,153,0.8277972264961386
B3,154,0.8283618181774935
B3,155,0.8289208927982674
B3,156,0.8294745396286676
B3,157,0.8300228459294974
B3,158,0.8305658970101433
B3,159,0.8311037762844479
B3,160,0.8316365653242404
B3,161,0.8321643439113635
B3,162,0.8326871900882042
B3,163,0.8332051802055402
B3,164,0.8337183889701281
B3,165,0.8342268894890847
B3,166,0.8347307533146301
B3,167,0.8352300504853698
B3,168,0.8357248495679
B3,169,0.8362152176962567
B3,170,0.8367012206098354
B3,171,0.8371829226906222
B3,172,0.8376603869992651
B3,173,0.8381336753091292
B3,174,0.838602848140638
B3,175,0.8390679647930709
B3,176,0.8395290833764425
B3,177,0.8399862608421599
B3,178,0.8404395530118335
B3,179,0.8408890146068921
B3,180,0.8413346992756039
B3,181,0.8417766596200184
B3,182,0.842214947222586
B3,183,0.8426496126708286
B3,184,0.8430807055822855
B3,185,0.8435082746280171
B3,186,0.8439323675558323
B3,187,0.844353031212727
B3,188,0.8447703115665226
B3,189,0.8451842537269544
B3,190,0.8455949019662579
B3,191,0.8460022997389537
B3,192,0.8464064897012592
B3,193,0.8468075137297376
B3,194,0.8472054129395292
B3,195,0.847600227702321
B3,196,0.8479919976631349
B3,197,0.8483807617572211
B3,198,0.8487665582266658
B3,199,0.8491494246353382
B3,200,0.8495293978853251
B4,2,3.2665319192886
B4,3,2.5681696026311904
B4,4,2.266047078850368
B4,5,2.0889978686302837
B4,6,1.9696367905040293
B4,7,1.8823149684585736
B4,8,1.814910402240355
B4,9,1.7608671981950548
B4,10,1.7162944435579872
B4,11,1.6787198504149938
B4,12,1.6464881689353066
B4,13,1.6184443041772434
B4,14,1.5937546152919162
B4,15,1.5718004577985996
B4,16,1.5521118357585144
B4,17,1.534324458369488
B4,18,1.5181510367104059
B4,19,1.5033615598524266
B4,20,1.489769410598002
B4,21,1.4772213827320484
B4,22,1.4655903675642583
B4,23,1.4547699056392736
B4,24,1.4446700665375056
B4,25,1.4352142905151226
B4,26,1.4263369374986579
B4,27,1.4179813635830076
B4,28,1.4100983959468296
B4,29,1.4026451122177352
B4,30,1.3955838549911337
B4,31,1.3888814297865013
B4,32,1.3825084474163072
B4,33,1.3764387810172807
B4,34,1.3706491148467652
B4,35,1.3651185670649046
B4,36,1.3598283725823852
B4,37,1.3547616149898607
B4,38,1.3499029988392144
B4,39,1.345238655290554
B4,40,1.3407559754975127
B4,41,1.3364434671716654
B4,42,1.3322906306089375
B4,43,1.328287851133368
B4,44,1.3244263054487806
B4,45,1.3206978798225766
B4,46,1.3170950983745788
B4,47,1.3136110600282156
B4,48,1.3102393829145267
B4,49,1.3069741552095215
B4,50,1.303809891543379
B4,51,1.3007414942503683
B4,52,1.2977642188368486
B4,53,1.2948736431349963
B4,54,1.2920656396867654
B4,55,1.289336350965075
B4,56,1.286682167094961
B4,57,1.2840997057809769
B4,58,1.28158579418825
B4,59,1.2791374525555899
B4,60,1.276751879348686
B4,61,1.2744264377852679
B4,62,1.2721586435846093
B4,63,1.2699461538125711
B4,64,1.267786756707307
B4,65,1.2656783623865437
B4,66,1.263618994346674
B4,67,1.261606781675405
B4,68,1.2596399519085013
B4,69,1.2577168244681214
B4,70,1.2558358046280396
B4,71,1.2539953779563113
B4,72,1.2521941051911465
B4,73,1.2504306175111672
B4,74,1.2487036121640458
B4,75,1.2470118484225072
B4,76,1.2453541438384965
B4,77,1.2437293707702999
B4,78,1.2421364531593546
B4,79,1.2405743635356725
B4,80,1.239042120232912
B4,81,1.237538784796355
B4,82,1.2360634595677067
B4,83,1.2346152854328296
B4,84,1.233193439719921
B4,85,1.231797134235685
B4,86,1.230425613429578
B4,87,1.2290781526760188
B4,88,1.2277540566658045
B4,89,1.2264526578987582
B4,90,1.2251733152697215
B4,91,1.2239154127418252
B4,92,1.2226783581000011
B4,93,1.2214615817797374
B4,94,1.220264535765133
B4,95,1.219086692552173
B4,96,1.2179275441718163
B4,97,1.2167866012698894
B4,98,1.2156633922388564
B4,99,1.2145574623992248
B4,100,1.2134683732258276
B4,101,1.2123957016177036
B4,102,1.2113390392072545
B4,103,1.2102979917073247
B4,104,1.2092721782929468
B4,105,1.2082612310161713
B4,106,1.207264794251704
B4,107,1.2062825241709936
B4,108,1.205314088244398
B4,109,1.2043591647676752
B4,110,1.2034174424134054
B4,111,1.2024886198045919
B4,112,1.201572405109175
B4,113,1.2006685156552104
B4,114,1.1997766775642875
B4,115,1.1988966254028905
B4,116,1.19802810185081
B4,117,1.1971708573845812
B4,118,1.1963246499768236
B4,119,1.1954892448090377
B4,120,1.1946644139976752
B4,121,1.1938499363332427
B4,122,1.1930455970308862
B4,123,1.1922511874928385
B4,124,1.191466505080623
B4,125,1.190691352898353
B4,126,1.1899255395848707
B4,127,1.189168879115729
B4,128,1.1884211906128368
B4,129,1.1876822981632857
B4,130,1.186952030645073
B4,131,1.1862302215611882
B4,132,1.1855167088794318
B4,133,1.1848113348803577
B4,134,1.1841139460102004
B4,135,1.183424392740924
B4,136,1.1827425294351748
B4,137,1.1820682142174843
B4,138,1.1814013088498387
B4,139,1.180741678612911
B4,140,1.18008919219164
B4,141,1.1794437215655138
B4,142,1.1788051419028802
B4,143,1.1781733314597684
B4,144,1.17754817148225
B4,145,1.1769295461126044
B4,146,1.1763173422992113
B4,147,1.175711449710074
B4,148,1.175111760648622
B4,149,1.1745181699738865
B4,150,1.17393057502295
B4,151,1.1733488755359631
B4,152,1.1727729735848513
B4,153,1.1722027735038614
B4,154,1.1716381818225063
B4,155,1.1710791072017326
B4,156,1.1705254603713324
B4,157,1.1699771540705026
B4,158,1.1694341029898567
B4,159,1.168896223715552
B4,160,1.1683634346757596
B4,161,1.1678356560886365
B4,162,1.1673128099117958
B4,163,1.1667948197944598
B4,164,1.166281611029872
B4,165,1.1657731105109153
B4,166,1.1652692466853698
B4,167,1.1647699495146302
B4,168,1.1642751504321
B4,169,1.1637847823037433
B4,170,1.1632987793901646
B4,171,1.1628170773093778
B4,172,1.1623396130007349
B4,173,1.1618663246908707
B4,174,1.161397151859362
B4,175,1.160932035206929
B4,176,1.1604709166235576
B4,177,1.1600137391578402
B4,178,1.1595604469881664
B4,179,1.1591109853931079
B4,180,1.158665300724396
B4,181,1.1582233403799818
B4,182,1.157785052777414
B4,183,1.1573503873291715
B4,184,1.1569192944177145
B4,185,1.1564917253719829
B4,186,1.1560676324441677
B4,187,1.155646968787273
B4,188,1.1552296884334774
B4,189,1.1548157462730457
B4,190,1.1544050980337421
B4,191,1.1539977002610462
B4,192,1.1535935102987407
B4,193,1.1531924862702625
B4,194,1.1527945870604708
B4,195,1.152399772297679
B4,196,1.152008002336865
B4,197,1.151619238242779
B4,198,1.1512334417733343
B4,199,1.1508505753646618
B4,200,1.150470602114675
B5,2,0.0
B5,3,0.0
B5,4,0.0
B5,5,0.0
B5,6,0.028891591629631952
B5,7,0.11290334615800002
B5,8,0.1786170989541237
B5,9,0.23179398344210966
B5,10,0.2759488405931495
B5,11,0.3133606186829666
B5,12,0.34557879644859535
B5,13,0.37369778684681876
B5,14,0.39851511871238654
B5,15,0.42062733735807656
B5,16,0.44049063353715223
B5,17,0.4584605536068038
B5,18,0.4748188080240764
B5,19,0.48979185058173186
B5,20,0.5035640530201342
B5,21,0.5162872379691716
B5,22,0.5280877018584471
B5,23,0.5390714724928125
B5,24,0.5493283023662932
B5,25,0.5589347416600519
B5,26,0.5679565313122912
B5,27,0.5764504869430203
B5,28,0.5844659967925939
B5,29,0.5920462237121287
B5,30,0.5992290778633522
B5,31,0.606048010052071
B5,32,0.6125326634905532
B5,33,0.6187094128880501
B5,34,0.6246018131729455
B5,35,0.6302309752087604
B5,36,0.635615882129748
B5,37,0.6407736570710025
B5,38,0.6457197908742072
B5,39,0.650468336649068
B5,40,0.6550320767422033
B5,41,0.659422666618757
B5,42,0.6636507593355829
B5,43,0.6677261136236015
B5,44,0.6716576880699043
B5,45,0.6754537234623639
B5,46,0.6791218150150679
B5,47,0.6826689759115956
B5,48,0.6861016933721518
B5,49,0.6894259782621196
B5,50,0.6926474091027397
B5,51,0.6957711712150083
B5,52,0.6988020916199618
B5,53,0.7017446702285604
B5,54,0.7046031077777692
B5,55,0.7073813309070751
B5,56,0.7100830147139929
B5,57,0.7127116030836096
B5,58,0.7152703270460433
B5,59,0.7177622213847048
B5,60,0.7201901396885299
B5,61,0.7225567680174634
B5,62,0.7248646373299112
B5,63,0.727116134801971
B5,64,0.7293135141542925
B5,65,0.7314589050865198
B5,66,0.7335543219099165
B5,67,0.7356016714571868
B5,68,0.7376027603396553
B5,69,0.7395593016149635
B5,70,0.741472920920583
B5,71,0.743345162123143
B5,72,0.7451774925283196
B5,73,0.7469713076905673
B5,74,0.7487279358591457
B5,75,0.7504486420918326
B5,76,0.7521346320659079
B5,77,0.7537870556119424
B5,78,0.7554070099939696
B5,79,0.7569955429574005
B5,80,0.7585536555639145
B5,81,0.7600823048302969
B5,82,0.7615824061875466
B5,83,0.7630548357743338
B5,84,0.7645004325774929
B5,85,0.7659200004321777
B5,86,0.767314309891757
B5,87,0.7686840999777101
B5,88,0.7700300798184212
B5,89,0.7713529301849671
B5,90,0.772653304931918
B5,91,0.773931832349308
B5,92,0.7751891164329321
B5,93,0.7764257380780458
B5,94,0.7776422562025133
B5,95,0.7788392088035458
B5,96,0.7800171139535378
B5,97,0.7811764707380461
B5,98,0.7823177601409391
B5,99,0.7834414458789882
B5,100,0.78454797519074
B5,101,0.7856377795809811
B5,102,0.7867112755251805
B5,103,0.7877688651352955
B5,104,0.7888109367902538
B5,105,0.7898378657327213
B5,106,0.7908500146344732
B5,107,0.7918477341327683
B5,108,0.7928313633381068
B5,109,0.793801230317191
B5,110,0.7947576525504747
B5,111,0.7957009373671009
B5,112,0.7966313823585198
B5,113,0.7975492757710406
B5,114,0.7984548968797834
B5,115,0.7993485163443381
B5,116,0.8002303965470374
B5,117,0.8011007919159048
B5,118,0.8019599492313898
B5,119,0.8028081079193781
B5,120,0.8036455003306644
B5,121,0.8044723520071331
B5,122,0.8052888819362305
B5,123,0.8060953027933362
B5,124,0.8068918211741828
B5,125,0.8076786378159597
B5,126,0.8084559478093966
B5,127,0.8092239408008126
B5,128,0.8099828011863407
B5,129,0.8107327082967898
B5,130,0.8114738365754715
B5,131,0.8122063557474943
B5,132,0.8129304309832062
B5,133,0.8136462230533574
B5,134,0.8143538884791667
B5,135,0.8150535796751301
B5,136,0.8157454450868228
B5,137,0.8164296293223245
B5,138,0.8171062732791883
B5,139,0.8177755142656326
B5,140,0.8184374861172989
B5,141,0.8190923193092071
B5,142,0.8197401410636014
B5,143,0.8203810754531966
B5,144,0.821015243500808
B5,145,0.8216427632751016
B5,146,0.8222637499825407
B5,147,0.8228783160556301
B5,148,0.823486571238827
B5,149,0.8240886226699978
B5,150,0.8246845749595494
B5,151,0.8252745302669402
B5,152,0.8258585883734302
B5,153,0.8264368467529488
B5,154,0.8270094006405153
B5,155,0.8275763430973765
B5,156,0.828137765074864
B5,157,0.8286937554750509
B5,158,0.8292444012099175
B5,159,0.8297897872583615
B5,160,0.8303299967208186
B5,161,0.8308651108723484
B5,162,0.8313952092141882
B5,163,0.8319203695225785
B5,164,0.8324406678973111
B5,165,0.8329561788070181
B5,166,0.8334669751348169
B5,167,0.8339731282204361
B5,168,0.8344747079026603
B5,169,0.8349717825595792
B5,170,0.8354644191472779
B5,171,0.835952683237821
B5,172,0.8364366390560523
B5,173,0.8369163495143428
B5,174,0.8373918762476213
B5,175,0.8378632796458203
B5,176,0.8383306188863949
B5,177,0.8387939519655996
B5,178,0.8392533357278844
B5,179,0.8397088258961006
B5,180,0.8401604770990716
B5,181,0.8406083428990774
B5,182,0.8410524758190061
B5,183,0.8414929273675247
B5,184,0.8419297480645247
B5,185,0.842362987465099
B5,186,0.8427926941832357
B5,187,0.8432189159147063
B5,188,0.8436416994591387
B5,189,0.844061090741529
B5,190,0.8444771348332387
B5,191,0.8448898759721769
B5,192,0.8452993575825998
B5,193,0.8457056222941326
B5,194,0.8461087119603663
B5,195,0.8465086676771828
B5,196,0.8469055297998822
B5,197,0.8472993379604108
B5,198,0.8476901310842982
B5,199,0.8480779474059073
B5,200,0.8484628244851884
B6,2,2.6063153857701256
B6,3,2.2759810509810707
B6,4,2.0877493551184325
B6,5,1.963627921182212
B6,6,1.8741741322666572
B6,7,1.8058342312416655
B6,8,1.7514438133406203
B6,9,1.7068274159857983
B6,10,1.6693697076500271
B6,11,1.6373395356074916
B6,12,1.6095399072609489
B6,13,1.5851134217816165
B6,14,1.5634277547986464
B6,15,1.5440050169672244
B6,16,1.5264764296945303
B6,17,1.5105522573368593
B6,18,1.496001279592082
B6,19,1.4826364231386548
B6,20,1.4703044820291766
B6,21,1.4588786196831407
B6,22,1.448252804773215
B6,23,1.4383376179751854
B6,24,1.4290570475507165
B6,25,1.4203460095113543
B6,26,1.4121484063695295
B6,27,1.4044155914758756
B6,28,1.397105142450871
B6,29,1.3901798727718395
B6,30,1.3836070287219937
B6,31,1.3773576319670995
B6,32,1.3714059375400498
B6,33,1.36572898402642
B6,34,1.3603062179673207
B6,35,1.3551191784259564
B6,36,1.3501512306482917
B6,37,1.34538734003376
B6,38,1.3408138793972673
B6,39,1.3364184638773648
B6,40,1.3321898089215687
B6,41,1.3281176076305
B6,42,1.3241924244161112
B6,43,1.3204056024700972
B6,44,1.3167491829705187
B6,45,1.313215834306558
B6,46,1.3097987898851198
B6,47,1.3064917933154212
B6,48,1.3032890499591157
B6,49,1.3001851839898535
B6,50,1.2971752002367256
B6,51,1.2942544501941018
B6,52,1.2914186016705385
B6,53,1.2886636116247001
B6,54,1.2859857018005898
B6,55,1.2833813368266491
B6,56,1.2808472044903354
B6,57,1.2783801979362734
B6,58,1.2759773995710706
B6,59,1.2736360664839146
B6,60,1.2713536172173843
B6,61,1.2691276197431374
B6,62,1.2669557805146046
B6,63,1.2648359344849738
B6,64,1.262766035990524
B6,65,1.2607441504131378
B6,66,1.2587684465436193
B6,67,1.2568371895774741
B6,68,1.254948734682392
B6,69,1.2531015210826184
B6,70,1.2512940666122363
B6,71,1.2495249626938858
B6,72,1.2477928697039657
B6,73,1.2460965126901455
B6,74,1.2444346774093498
B6,75,1.2428062066588683
B6,76,1.241209996874695
B6,77,1.2396449949747972
B6,78,1.238110195426672
B6,79,1.236604637520465
B6,80,1.2351274028307777
B6,81,1.2336776128523028
B6,82,1.2322544267949038
B6,83,1.2308570395257783
B6,84,1.2294846796475674
B6,85,1.2281366077012326
B6,86,1.226812114484873
B6,87,1.225510519479402
B6,88,1.224231169373236
B6,89,1.2229734366788532
B6,90,1.2217367184341021
B6,91,1.2205204349828596
B6,92,1.2193240288286502
B6,93,1.2181469635567783
B6,94,1.2169887228195635
B6,95,1.2158488093810602
B6,96,1.2147267442163057
B6,97,1.2136220656624617
B6,98,1.2125343286173118
B6,99,1.2114631037831687
B6,100,1.2104079769517873
B6,101,1.2093685483292287
B6,102,1.2083444318966623
B6,103,1.2073352548059484
B6,104,1.206340656806994
B6,105,1.2053602897054743
B6,106,1.2043938168488448
B6,107,1.203440912638464
B6,108,1.2025012620675752
B6,109,1.2015745602815997
B6,110,1.2006605121614196
B6,111,1.199758831927066
B6,112,1.1988692427606538
B6,113,1.1979914764483972
B6,114,1.197125273039418
B6,115,1.1962703805211161
B6,116,1.1954265545102962
B6,117,1.1945935579581333
B6,118,1.193771160869879
B6,119,1.1929591400369777
B6,120,1.192157278781457
B6,121,1.191365366712399
B6,122,1.190583199493017
B6,123,1.1898105786187505
B6,124,1.189047311204352
B6,125,1.1882932097813075
B6,126,1.1875480921034198
B6,127,1.186811780961555
B6,128,1.18608410400546
B6,129,1.1853648935741516
B6,130,1.184653986532667
B6,131,1.1839512241166363
B6,132,1.1832564517821225
B6,133,1.1825695190630803
B6,134,1.1818902794333979
B6,135,1.1812185901756085
B6,136,1.1805543122541349
B6,137,1.1798973101943881
B6,138,1.179247451965898
B6,139,1.1786046088707531
B6,140,1.177968655436075
B6,141,1.1773394693108932
B6,142,1.1767169311667602
B6,143,1.1761009246025995
B6,144,1.1754913360528394
B6,145,1.1748880546991045
B6,146,1.1742909723853947
B6,147,1.1736999835366673
B6,148,1.17311498507951
B6,149,1.1725358763669547
B6,150,1.1719625591053893
B6,151,1.1713949372838621
B6,152,1.170832917106876
B6,153,1.1702764069288785
B6,154,1.1697253171909905
B6,155,1.1691795603607882
B6,156,1.1686390508732132
B6,157,1.168103705074464
B6,158,1.1675734411672307
B6,159,1.1670481791579126
B6,160,1.1665278408060529
B6,161,1.1660123495751673
B6,162,1.1655016305849708
B6,163,1.164995610566156
B6,164,1.1644942178153685
B6,165,1.1639973821532505
B6,166,1.1635050348820781
B6,167,1.1630171087467247
B6,168,1.1625335378952575
B6,169,1.162054257841591
B6,170,1.1615792054295904
B6,171,1.1611083187977977
B6,172,1.1606415373452537
B6,173,1.160178801699245
B6,174,1.1597200536827346
B6,175,1.1592652362842386
B6,176,1.1588142936275885
B6,177,1.1583671709428518
B6,178,1.157923814539025
B6,179,1.1574841717759088
B6,180,1.1570481910384882
B6,181,1.1566158217113591
B6,182,1.1561870141534447
B6,183,1.1557617196745888
B6,184,1.1553398905118535
B6,185,1.1549214798072032
B6,186,1.154506441585434
B6,187,1.1540947307328533
B6,188,1.1536863029767164
B6,189,1.1532811148651831
B6,190,1.1528791237477436
B6,191,1.1524802877564087
B6,192,1.1520845657872452
B6,193,1.151691917482642
B6,194,1.1513023032139638
B6,195,1.150915684064446
B6,196,1.1505320218132302
B6,197,1.150151278919278
B6,198,1.1497734185055524
B6,199,1.1493984043448082
B6,200,1.1490262008439134
D1,2,0.0
D1,3,0.0
D1,4,0.0
D1,5,0.0
D1,6,0.0
D1,7,0.20474074456321167
D1,8,0.3877061429782809
D1,9,0.5465235010663334
D1,10,0.6863534414623556
D1,11,0.8109288425517178
D1,12,0.9230202565546839
D1,13,1.0247317483589562
D1,14,1.1176938218026748
D1,15,1.2031926011982161
D1,16,1.282258518397632
D1,17,1.3557286104157633
D1,18,1.4242911983441937
D1,19,1.4885185371958602
D1,20,1.5488910830207785
D1,21,1.6058158082347158
D1,22,1.6596402185923238
D1,23,1.7106632173292784
D1,24,1.7591436235106643
D1,25,1.8053069223626474
D1,26,1.8493506665691006
D1,27,1.8914488378492589
D1,28,1.9317553971329882
D1,29,1.9704071976847497
D1,30,2.007526392010486
D1,31,2.0432224339857052
D1,32,2.0775937546383605
D1,33,2.110729172948414
D1,34,2.1427090900954786
D1,35,2.1736065054748814
D1,36,2.203487885462308
D1,37,2.232413909405085
D1,38,2.260440113129983
D1,39,2.287617446227331
D1,40,2.3139927565233678
D1,41,2.339609212804486
D1,42,2.364506674944389
D1,43,2.388722019039778
D1,44,2.4122894239196047
D1,45,2.4352406243807145
D1,46,2.457605135622712
D1,47,2.4794104527748417
D1,48,2.5006822286346435
D1,49,2.5214444324833427
D1,50,2.5417194922788893
D1,51,2.561528422291216
D1,52,2.5808909378957807
D1,53,2.5998255590451844
D1,54,2.6183497061455188
D1,55,2.6364797751171287
D1,56,2.654231228185684
D1,57,2.671618654221076
D1,58,2.6886558345171996
D1,59,2.7053557996670534
D1,60,2.721730885268869
D1,61,2.7377927758607057
D1,62,2.7535525518963704
D1,63,2.7690207296029805
D1,64,2.7842072980332104
D1,65,2.799121753379512
D1,66,2.8137731311249015
D1,67,2.8281700321787997
D1,68,2.842320654114989
D1,69,2.856232812969238
D1,70,2.8699139669345457
D1,71,2.883371237038471
D1,72,2.896611429558293
D1,73,2.909641048926096
D1,74,2.92246632011107
D1,75,2.9350932017525855
D1,76,2.947527401427734
D1,77,2.9597743893882242
D1,78,2.971839411375929
D1,79,2.983727500614878
D1,80,2.9954434888941366
D1,81,3.0069920172003295
D1,82,3.0183775454012403
D1,83,3.0296043614665473
D1,84,3.040676588829538
D1,85,3.051598199482244
D1,86,3.062373014042219
D1,87,3.073004742368913
D1,88,3.083496846776372
D1,89,3.093852833345468
D1,90,3.104075971170482
D1,91,3.1141694441015813
D1,92,3.124136324285045
D1,93,3.133979578521853
D1,94,3.1437020722400026
D1,95,3.153306576332682
D1,96,3.1627957670651057
D1,97,3.1721722343691354
D1,98,3.1814384834693055
D1,99,3.190596937446216
D1,100,3.19964994357383
D1,101,3.208599774413215
D1,102,3.217448631427333
D1,103,3.226198647358195
D1,104,3.2348518909406767
D1,105,3.2434103666310694
D1,106,3.2518760190171108
D1,107,3.260250734726939
D1,108,3.26853634461093
D1,109,3.2767346259972623
D1,110,3.28484730466466
D1,111,3.2928760568179665
D1,112,3.300822510930801
D1,113,3.3086882495542875
D1,114,3.3164748109214774
D1,115,3.3241836906902806
D1,116,3.331816343397705
D1,117,3.339374183965548
D1,118,3.34685858909274
D1,119,3.3542708986230227
D1,120,3.361612416820215
D1,121,3.3688844136277654
D1,122,3.376088125771396
D1,123,3.383224816686542
D1,124,3.3902954841333677
D1,125,3.3973014480133275
D1,126,3.40424376465711
D1,127,3.411123521049401
D1,128,3.417941777170295
D1,129,3.4246995668825257
D1,130,3.4313978986507707
D1,131,3.4380377564669233
D1,132,3.444620100647771
D1,133,3.451145868469246
D1,134,3.457615974952292
D1,135,3.46403131356174
D1,136,3.470392756891744
D1,137,3.476701157210891
D1,138,3.482957347203077
D1,139,3.489162140419427
D1,140,3.4953163319952374
D1,141,3.501420699105252
D1,142,3.507476001519279
D1,143,3.5134829821116105
D1,144,3.519442367350422
D1,145,3.5253548677775677
D1,146,3.531221178458225
D1,147,3.5370419794266796
D1,148,3.542817936149204
D1,149,3.548549699781857
D1,150,3.554237907797918
D1,151,3.559883184213181
D1,152,3.565486139997386
D1,153,3.5710473734338377
D1,154,3.5765674704562507
D1,155,3.5820470049919844
D1,156,3.5874865392750905
D1,157,3.59288662416983
D1,158,3.5982477994576927
D1,159,3.603570594144392
D1,160,3.6088555267272944
D1,161,3.614103105481429
D1,162,3.6193138287139663
D1,163,3.624488185024913
D1,164,3.6296266535552033
D1,165,3.6347297042670945
D1,166,3.639797798012359
D1,167,3.6448313869929687
D1,168,3.6498309148385855
D1,169,3.654796816844697
D1,170,3.659729520175886
D1,171,3.6646294440719007
D1,172,3.6694970000269587
D1,173,3.674332592003282
D1,174,3.679136616582299
D1,175,3.683909463154124
D1,176,3.688651514100777
D1,177,3.693363144937524
D1,178,3.698044724494332
D1,179,3.702696615063748
D1,180,3.707319172548727
D1,181,3.711912746621122
D1,182,3.716477680858208
D1,183,3.7210143126768536
D1,184,3.725522974274243
D1,185,3.7300039915644727
D1,186,3.7344576851095685
D1,187,3.7388843702930115
D1,188,3.743284356379206
D1,189,3.7476579482419585
D1,190,3.7520054454104694
D1,191,3.756327142433128
D1,192,3.7606233290023594
D1,193,3.7648942900465916
D1,194,3.7691403058430732
D1,195,3.773361652113241
D1,196,3.7775586001224095
D1,197,3.781731416759084
D1,198,3.7858803646564656
D1,199,3.7900057022592657
D1,200,3.7941076848425213
D2,2,3.6858865664347413
D2,3,4.357672762789698
D2,4,4.698175354178726
D2,5,4.918174769722264
D2,6,5.0785317796286655
D2,7,5.203972757864408
D2,8,5.306695081202832
D2,9,5.393529147770618
D2,10,5.468657481878342
D2,11,5.534816565080286
D2,12,5.593890302932971
D2,13,5.647228959837557
D2,14,5.695832394597234
D2,15,5.740461178565937
D2,16,5.781707053821523
D2,17,5.820039313115005
D2,18,5.855836317530699
D2,19,5.889407509219444
D2,20,5.921009156172509
D2,21,5.950855851450532
D2,22,5.979129068133346
D2,23,6.005983629240741
D2,24,6.031552673392054
D2,25,6.055951516651587
D2,26,6.07928069247605
D2,27,6.101628370176935
D2,28,6.123072299359933
D2,29,6.143681386505632
D2,30,6.1635169846755655
D2,31,6.18263395656708
D2,32,6.2010815570772735
D2,33,6.2189041709321415
D2,34,6.23614193297847
D2,35,6.252831252940938
D2,36,6.269005261563669
D2,37,6.284694192087816
D2,38,6.299925707810845
D2,39,6.314725184687733
D2,40,6.329115956176723
D2,41,6.343119526209396
D2,42,6.356755755133298
D2,43,6.370043022645594
D2,44,6.382998371050334
D2,45,6.395637631613074
D2,46,6.407975536379309
D2,47,6.420025817343099
D2,48,6.4318012947485705
D2,49,6.443313955833496
D2,50,6.454575025280527
D2,51,6.465595028369334
D2,52,6.476383847743696
D2,53,6.486950774542999
D2,54,6.497304552135294
D2,55,6.507453427376587
D2,56,6.517405174333642
D2,57,6.527167137947009
D2,58,6.536746262873407
D2,59,6.546149122845856
D2,60,6.555381943688646
D2,61,6.564450631358586
D2,62,6.5733607908787155
D2,63,6.582117746924824
D2,64,6.590726562284717
D2,65,6.599192054595213
D2,66,6.607518811206055
D2,67,6.615711206394581
D2,68,6.623773410152468
D2,69,6.631709403386261
D2,70,6.639522988463373
D2,71,6.647217800260908
D2,72,6.654797313179158
D2,73,6.662264855563617
D2,74,6.66962361272507
D2,75,6.676876637443921
D2,76,6.684026856719605
D2,77,6.691077078561166
D2,78,6.698029998328482
D2,79,6.704888204634319
D2,80,6.711654184990919
D2,81,6.718330330831756
D2,82,6.724918942488616
D2,83,6.731422233712306
D2,84,6.7378423372011955
D2,85,6.744181303607403
D2,86,6.750441112839399
D2,87,6.756623644135321
D2,88,6.762730822908324
D2,89,6.7687643389047665
D2,90,6.774725935881037
D2,91,6.780617268274742
D2,92,6.786439935602873
D2,93,6.792195483598022
D2,94,6.797885407316564
D2,95,6.803511150993819
D2,96,6.809074114468348
D2,97,6.814575650879439
D2,98,6.820017070715693
D2,99,6.825399644628568
D2,100,6.830724602192845
D2,101,6.83599313564864
D2,102,6.841206400876258
D2,103,6.846365519377354
D2,104,6.8514715777021795
D2,105,6.856525631657009
D2,106,6.861528705637834
D2,107,6.866481794283437
D2,108,6.87138586368448
D2,109,6.876241852357561
D2,110,6.881050672349757
D2,111,6.885813210196638
D2,112,6.890530327877346
D2,113,6.895202863675066
D2,114,6.899831633120824
D2,115,6.904417429683497
D2,116,6.9089610256399485
D2,117,6.913463172790932
D2,118,6.917924603192352
D2,119,6.922346029819122
D2,120,6.9267281472335185
D2,121,6.931071632186044
D2,122,6.935377144294236
D2,123,6.939645267821636
D2,124,6.943876805697869
D2,125,6.94807219326949
D2,126,6.952232085514973
D2,127,6.956357064261633
D2,128,6.960447697227554
D2,129,6.964504538462194
D2,130,6.9685281289020065
D2,131,6.972518996669774
D2,132,6.9764776574534295
D2,133,6.980404615002585
D2,134,6.984300361429735
D2,135,6.988165377556802
D2,136,6.992000133235312
D2,137,6.995805087768946
D2,138,6.999580690104026
D2,139,7.003327379274296
D2,140,7.007045584547544
D2,141,7.0107357258022045
D2,142,7.014398213773333
D2,143,7.018033450315767
D2,144,7.021641828659558
D2,145,7.025223733648454
D2,146,7.0287795419830985
D2,147,7.032309622443692
D2,148,7.035814336072219
D2,149,7.03929403653739
D2,150,7.042749070108448
D2,151,7.046179776010549
D2,152,7.049586486574279
D2,153,7.0529695274179955
D2,154,7.056329217634763
D2,155,7.059665869955465
D2,156,7.062979790925279
D2,157,7.066271281053611
D2,158,7.069540634985022
D2,159,7.072788141635298
D2,160,7.076014084352787
D2,161,7.079218741047396
D2,162,7.082402384337863
D2,163,7.085565281680126
D2,164,7.088707695495977
D2,165,7.091829883257681
D2,166,7.094932097773403
D2,167,7.0980145870692155
D2,168,7.101077594643767
D2,169,7.1041213595521535
D2,170,7.107146116514879
D2,171,7.110152096014577
D2,172,7.113139524410429
D2,173,7.1161086240095575
D2,174,7.119059613192322
D2,175,7.121992706491157
D2,176,7.124908114667835
D2,177,7.127806044824978
D2,178,7.130686700470131
D2,179,7.1335502816063405
D2,180,7.136396984815942
D2,181,7.139227003327079
D2,182,7.142040527095805
D2,183,7.144837743084381
D2,184,7.147618834527055
D2,185,7.150383982194221
D2,186,7.153133363656558
D2,187,7.155867153301315
D2,188,7.15858552345742
D2,189,7.161288642846539
D2,190,7.163976677711771
D2,191,7.166649791623777
D2,192,7.169308145521341
D2,193,7.171951897780362
D2,194,7.174581204257718
D2,195,7.177196218348444
D2,196,7.179797091034569
D2,197,7.18238397095043
D2,198,7.184957004402065
D2,199,7.187516335437588
D2,200,7.190062104962081
D3,2,0.0
D3,3,0.0
D3,4,0.0
D3,5,0.0
D3,6,0.0
D3,7,0.07570774250524348
D3,8,0.13617099593611282
D3,9,0.18401301583525242
D3,10,0.22302265585251946
D3,11,0.25558190266392256
D3,12,0.2832692724962761
D3,13,0.3071755944545872
D3,14,0.3280808751017722
D3,15,0.3465589268591337
D3,16,0.36304211997873836
D3,17,0.37786300361528125
D3,18,0.3912819370920122
D3,19,0.4035059521690606
D3,20,0.4147019460565249
D3,21,0.4250061086554081
D3,22,0.4345307879572633
D3,23,0.4433695752422966
D3,24,0.45160112946773
D3,25,0.4592920933379273
D3,26,0.4664993446717187
D3,27,0.4732717547004234
D3,28,0.47965157540839165
D3,29,0.4856755450079562
D3,30,0.49137577649837005
D3,31,0.4967804777949446
D3,32,0.5019145398052359
D3,33,0.5068000200750928
D3,34,0.5114565431930507
D3,35,0.5159016343066236
D3,36,0.5201509985843491
D3,37,0.5242187566020869
D3,38,0.5281176436643333
D3,39,0.5318591793835555
D3,40,0.5354538126133278
D3,41,0.5389110458540481
D3,42,0.5422395424748906
D3,43,0.5454472194815578
D3,44,0.5485413280732445
D3,45,0.5515285238425389
D3,46,0.5544149281465478
D3,47,0.5572061819466196
D3,48,0.5599074931598642
D3,49,0.5625236784450032
D3,50,0.5650592001668764
D3,51,0.5675181991897493
D3,52,0.569904524038035
D3,53,0.5722217568919882
D3,54,0.574473237347054
D3,55,0.5766620811267765
D3,56,0.5787912018528345
D3,57,0.58086332578713
D3,58,0.5828810074907591
D3,59,0.5848466432923262
D3,60,0.5867624842878437
D3,61,0.5886306466106783
D3,62,0.5904531222066852
D3,63,0.5922317879375801
D3,64,0.5939684139678381
D3,65,0.5956646714657221
D3,66,0.5973221397550145
D3,67,0.5989423121136223
D3,68,0.6005266025919096
D3,69,0.6020763507698452
D3,70,0.6035928268719366
D3,71,0.6050772362031284
D3,72,0.6065307239124852
D3,73,0.6079543777297948
D3,74,0.6093492326644544
D3,75,0.610716273741021
D3,76,0.6120564391638906
D3,77,0.6133706231450511
D3,78,0.6146596785254357
D3,79,0.6159244192126072
D3,80,0.6171656224193065
D3,81,0.6183840307995123
D3,82,0.619580354380644
D3,83,0.6207552723937713
D3,84,0.6219094347171858
D3,85,0.6230434644878953
D3,86,0.6241579580424399
D3,87,0.6252534931204623
D3,88,0.6263306009610305
D3,89,0.6273898255019831
D3,90,0.6284316661830789
D3,91,0.6294566087425415
D3,92,0.6304651197589144
D3,93,0.6314576478671428
D3,94,0.6324346244912233
D3,95,0.633396465153405
D3,96,0.6343435693885604
D3,97,0.6352763223460864
D3,98,0.6361950950505535
D3,99,0.6371002448535766
D3,100,0.6379921166401995
D3,101,0.6388710429865407
D3,102,0.639737344822827
D3,103,0.6405913318502661
D3,104,0.6414333034226862
D3,105,0.6422635484384895
D3,106,0.643082346163707
D3,107,0.6438899665587481
D3,108,0.6446866706604435
D3,109,0.6454727109794743
D3,110,0.6462483318427663
D3,111,0.6470137697373215
D3,112,0.6477692536287114
D3,113,0.6485150052737373
D3,114,0.6492512394937995
D3,115,0.6499781644762792
D3,116,0.6506959820201232
D3,117,0.6514048877923428
D3,118,0.6521050715631685
D3,119,0.6527967174371467
D3,120,0.6534800040669917
D3,121,0.654155104865127
D3,122,0.6548221881854639
D3,123,0.6554814289029642
D3,124,0.6561329517351666
D3,125,0.6567769450987302
D3,126,0.6574135476018215
D3,127,0.6580429050202199
D3,128,0.6586651590985129
D3,129,0.6592804476948704
D3,130,0.6598889048941089
D3,131,0.6604906611610457
D3,132,0.6610858434697968
D3,133,0.6616745754022628
D3,134,0.6622569772763197
D3,135,0.6628331662578073
D3,136,0.663403256470442
D3,137,0.6639673590793996
D3,138,0.6645255824128307
D3,139,0.665078032028623
D3,140,0.6656248108322367
D3,141,0.6661660191450351
D3,142,0.6667017547922162
D3,143,0.6672321131823555
D3,144,0.6677571873835528
D3,145,0.6682770681981516
D3,146,0.6687918442321183
D3,147,0.669301601964071
D3,148,0.6698064258178893
D3,149,0.6703063981968954
D3,150,0.6708015995882869
D3,151,0.6712921085918364
D3,152,0.6717780019841326
D3,153,0.6722593547733364
D3,154,0.6727362402499506
D3,155,0.6732087300390865
D3,156,0.6736768941473379
D3,157,0.6741408010119003
D3,158,0.6746005175431031
D3,159,0.6750561091709559
D3,160,0.675507639884525
D3,161,0.6759551722750415
D3,162,0.676398767573344
D3,163,0.6768384856887164
D3,164,0.6772743852455972
D3,165,0.6777065236265252
D3,166,0.678134956975726
D3,167,0.6785597402761144
D3,168,0.6789809273550076
D3,169,0.679398570920015
D3,170,0.6798127225886146
D3,171,0.6802234329184347
D3,172,0.680630751432739
D3,173,0.6810347266524435
D3,174,0.6814354061167287
D3,175,0.6818328364109285
D3,176,0.6822270631934029
D3,177,0.6826181312148183
D3,178,0.6830060843450032
D3,179,0.6833909655937359
D3,180,0.6837728171316706
D3,181,0.6841516803133683
D3,182,0.6845275956964068
D3,183,0.6849006030233804
D3,184,0.6852707413893208
D3,185,0.6856380490402533
D3,186,0.6860025635391198
D3,187,0.6863643217921693
D3,188,0.6867233598710505
D3,189,0.6870797133251005
D3,190,0.6874334170011087
D3,191,0.6877845051052378
D3,192,0.688133011221141
D3,193,0.6884789683221539
D3,194,0.6888224087874033
D3,195,0.6891633644148127
D3,196,0.6895018664349921
D3,197,0.6898379455214974
D3,198,0.6901716318088769
D3,199,0.6905029549008184
D3,200,0.6908319440517343
D4,2,3.2665319193390836
D4,3,2.57459128979756
D4,4,2.2820515612629837
D4,5,2.1144991447273154
D4,6,2.003829817101808
D4,7,1.9242922574947565
D4,8,1.8638290040638872
D4,9,1.8159869841647476
D4,10,1.7769773441474805
D4,11,1.7444180973360774
D4,12,1.716730727503724
D4,13,1.6928244055454127
D4,14,1.6719191248982277
D4,15,1.6534410731408662
D4,16,1.6369578800212616
D4,17,1.6221369963847188
D4,18,1.6087180629079878
D4,19,1.5964940478309395
D4,20,1.5852980539434751
D4,21,1.574993891344592
D4,22,1.5654692120427367
D4,23,1.5566304247577034
D4,24,1.54839887053227
D4,25,1.5407079066620728
D4,26,1.5335006553282813
D4,27,1.5267282452995765
D4,28,1.5203484245916083
D4,29,1.5143244549920438
D4,30,1.5086242235016298
D4,31,1.5032195222050553
D4,32,1.4980854601947642
D4,33,1.4931999799249072
D4,34,1.4885434568069493
D4,35,1.4840983656933764
D4,36,1.479849001415651
D4,37,1.475781243397913
D4,38,1.4718823563356667
D4,39,1.4681408206164446
D4,40,1.4645461873866723
D4,41,1.4610889541459517
D4,42,1.4577604575251093
D4,43,1.4545527805184422
D4,44,1.4514586719267555
D4,45,1.448471476157461
D4,46,1.4455850718534522
D4,47,1.4427938180533804
D4,48,1.4400925068401358
D4,49,1.4374763215549968
D4,50,1.4349407998331236
D4,51,1.4324818008102507
D4,52,1.430095475961965
D4,53,1.427778243108012
D4,54,1.425526762652946
D4,55,1.4233379188732234
D4,56,1.4212087981471655
D4,57,1.41913667421287
D4,58,1.417118992509241
D4,59,1.4151533567076737
D4,60,1.4132375157121562
D4,61,1.4113693533893217
D4,62,1.4095468777933147
D4,63,1.40776821206242
D4,64,1.406031586032162
D4,65,1.404335328534278
D4,66,1.4026778602449856
D4,67,1.4010576878863779
D4,68,1.3994733974080904
D4,69,1.3979236492301548
D4,70,1.3964071731280634
D4,71,1.3949227637968717
D4,72,1.3934692760875147
D4,73,1.3920456222702051
D4,74,1.3906507673355457
D4,75,1.389283726258979
D4,76,1.3879435608361095
D4,77,1.386629376854949
D4,78,1.3853403214745643
D4,79,1.3840755807873928
D4,80,1.3828343775806935
D4,81,1.3816159692004877
D4,82,1.380419645619356
D4,83,1.3792447276062287
D4,84,1.3780905652828142
D4,85,1.3769565355121047
D4,86,1.37584204195756
D4,87,1.3747465068795377
D4,88,1.3736693990389695
D4,89,1.3726101744980168
D4,90,1.3715683338169211
D4,91,1.3705433912574585
D4,92,1.3695348802410856
D4,93,1.3685423521328572
D4,94,1.3675653755087767
D4,95,1.366603534846595
D4,96,1.3656564306114396
D4,97,1.3647236776539136
D4,98,1.3638049049494465
D4,99,1.3628997551464233
D4,100,1.3620078833598006
D4,101,1.3611289570134593
D4,102,1.360262655177173
D4,103,1.359408668149734
D4,104,1.3585666965773138
D4,105,1.3577364515615105
D4,106,1.356917653836293
D4,107,1.356110033441252
D4,108,1.3553133293395565
D4,109,1.3545272890205258
D4,110,1.3537516681572337
D4,111,1.3529862302626785
D4,112,1.3522307463712886
D4,113,1.3514849947262628
D4,114,1.3507487605062005
D4,115,1.3500218355237208
D4,116,1.3493040179798768
D4,117,1.3485951122076572
D4,118,1.3478949284368316
D4,119,1.3472032825628533
D4,120,1.3465199959330083
D4,121,1.345844895134873
D4,122,1.345177811814536
D4,123,1.3445185710970358
D4,124,1.3438670482648334
D4,125,1.3432230549012698
D4,126,1.3425864523981785
D4,127,1.34195709497978
D4,128,1.3413348409014871
D4,129,1.3407195523051296
D4,130,1.340111095105891
D4,131,1.3395093388389543
D4,132,1.3389141565302032
D4,133,1.3383254245977372
D4,134,1.3377430227236804
D4,135,1.3371668337421927
D4,136,1.336596743529558
D4,137,1.3360326409206005
D4,138,1.3354744175871693
D4,139,1.3349219679713769
D4,140,1.3343751891677633
D4,141,1.3338339808549649
D4,142,1.333298245207784
D4,143,1.3327678868176445
D4,144,1.3322428126164472
D4,145,1.3317229318018484
D4,146,1.3312081557678817
D4,147,1.330698398035929
D4,148,1.3301935741821107
D4,149,1.3296936018031045
D4,150,1.329198400411713
D4,151,1.3287078914081636
D4,152,1.3282219980158674
D4,153,1.3277406452266636
D4,154,1.3272637597500494
D4,155,1.3267912699609135
D4,156,1.326323105852662
D4,157,1.3258591989880997
D4,158,1.3253994824568969
D4,159,1.324943890829044
D4,160,1.324492360115475
D4,161,1.3240448277249586
D4,162,1.323601232426656
D4,163,1.3231615143112836
D4,164,1.3227256147544026
D4,165,1.3222934763734748
D4,166,1.321865043024274
D4,167,1.3214402597238855
D4,168,1.3210190726449924
D4,169,1.320601429079985
D4,170,1.3201872774113854
D4,171,1.3197765670815653
D4,172,1.319369248567261
D4,173,1.3189652733475565
D4,174,1.3185645938832713
D4,175,1.3181671635890715
D4,176,1.3177729368065971
D4,177,1.3173818687851817
D4,178,1.3169939156549968
D4,179,1.3166090344062642
D4,180,1.3162271828683294
D4,181,1.3158483196866317
D4,182,1.3154724043035932
D4,183,1.3150993969766196
D4,184,1.3147292586106794
D4,185,1.3143619509597468
D4,186,1.3139974364608802
D4,187,1.3136356782078307
D4,188,1.3132766401289495
D4,189,1.3129202866748995
D4,190,1.3125665829988913
D4,191,1.3122154948947622
D4,192,1.311866988778859
D4,193,1.311521031677846
D4,194,1.3111775912125967
D4,195,1.3108366355851873
D4,196,1.3104981335650079
D4,197,1.3101620544785026
D4,198,1.3098283681911231
D4,199,1.3094970450991816
D4,200,1.3091680559482657
E2,2,3.7599424119465
E2,3,3.385137501286538
E2,4,3.256205645512204
E2,5,3.191538243211461
E2,6,3.152807559223835
E2,7,3.1270560761786883
E2,8,3.1087101768546286
E2,9,3.0949828583191206
E2,10,3.084327759799864
E2,11,3.075818693510291
E2,12,3.068867372920069
E2,13,3.0630823295121004
E2,14,3.058193019281231
E2,15,3.0540065100681577
E2,16,3.050381530101544
E2,17,3.047212271373927
E2,18,3.044417924143147
E2,19,3.041935709369458
E2,20,3.0397161175934695
E2,21,3.037719580233944
E2,22,3.0359140946951415
E2,23,3.034273499056266
E2,24,3.0327761981515335
E2,25,3.0314042090537154
E2,26,3.03014243630159
E2,27,3.0289781148603088
E2,28,3.0279003772182076
E2,29,3.0268999135076853
E2,30,3.0259687021398034
E2,31,3.025099794458489
E2,32,3.024287141186305
E2,33,3.0235254514976018
E2,34,3.022810077781383
E2,35,3.022136920792228
E2,36,3.021502351102062
E2,37,3.0209031436757807
E2,38,3.0203364230821497
E2,39,3.0197996173764294
E2,40,3.019290419094735
E2,41,3.018806752112909
E2,42,3.0183467433663886
E2,43,3.0179086986192547
E2,44,3.0174910816218077
E2,45,3.0170924961165335
E2,46,3.0167116702484487
E2,47,3.0163474430131587
E2,48,3.015998752438599
E2,49,3.015664625247078
E2,50,3.01534416778576
E2,51,3.0150365580476706
E2,52,3.014741038633255
E2,53,3.0144569105256265
E2,54,3.014183527571876
E2,55,3.0139202915786916
E2,56,3.0136666479440395
E2,57,3.013422081757688
E2,58,3.013186114312992
E2,59,3.0129582999801414
E2,60,3.0127382233979487
E2,61,3.012525496946957
E2,62,3.012319758471503
E2,63,3.0121206692226328
E2,64,3.011927911997201
E2,65,3.0117411894517754
E2,66,3.0115602225724047
E2,67,3.0113847492837182
E2,68,3.0112145231828054
E2,69,3.0110493123849587
E2,70,3.0108888984699647
E2,71,3.010733075518846
E2,72,3.0105816492321154
E2,73,3.0104344361216415
E2,74,3.0102912627690106
E2,75,3.010151965144136
E2,76,3.0100163879784314
E2,77,3.0098843841875533
E2,78,3.0097558143391954
E2,79,3.0096305461618695
E2,80,3.0095084540910406
E2,81,3.009389418849367
E2,82,3.0092733270580583
E2,83,3.0091600708767103
E2,84,3.009049547669232
E2,85,3.008941659693633
E2,86,3.0088363138137635
E2,87,3.008733421231176
E2,88,3.0086328972355085
E2,89,3.0085346609719177
E2,90,3.008438635224185
E2,91,3.0083447462123325
E2,92,3.008252923403568
E2,93,3.0081630993356034
E2,94,3.008075209451358
E2,95,3.0079891919442545
E2,96,3.0079049876132653
E2,97,3.0078225397270617
E2,98,3.007741793896539
E2,99,3.007662697955207
E2,100,3.007585201846771
E2,101,3.0075092575195304
E2,102,3.0074348188270092
E2,103,3.0073618414344714
E2,104,3.0072902827308634
E2,105,3.0072201017458586
E2,106,3.0071512590716485
E2,107,3.0070837167891344
E2,108,3.007017438398326
E2,109,3.0069523887525293
E2,110,3.006888533996232
E2,111,3.0068258415063496
E2,112,3.0067642798366316
E2,113,3.006703818665095
E2,114,3.006644428744215
E2,115,3.0065860818537455
E2,116,3.0065287507560337
E2,117,3.0064724091535866
E2,118,3.00641703164889
E2,119,3.006362593706223
E2,120,3.0063090716154015
E2,121,3.0062564424573632
E2,122,3.006204684071431
E2,123,3.0061537750242264
E2,124,3.0061036945800437
E2,125,3.0060544226727175
E2,126,3.006005939878796
E2,127,3.005958227392041
E2,128,3.0059112669990706
E2,129,3.0058650410562104
E2,130,3.005819532467363
E2,131,3.0057747246629662
E2,132,3.0057306015798315
E2,133,3.005687147641993
E2,134,3.005644347742335
E2,135,3.005602187225112
E2,136,3.0055606518691924
E2,137,3.0055197278720938
E2,138,3.0054794018346613
E2,139,3.005439660746463
E2,140,3.005400491971783
E2,141,3.0053618832362403
E2,142,3.0053238226139474
E2,143,3.0052862985152466
E2,144,3.0052492996749356
E2,145,3.0052128151409865
E2,146,3.005176834263744
E2,147,3.005141346685579
E2,148,3.00510634233091
E2,149,3.0050718113966983
E2,150,3.0050377443432907
E2,151,3.005004131885609
E2,152,3.0049709649847456
E2,153,3.004938234839848
E2,154,3.0049059328803183
E2,155,3.004874050758358
E2,156,3.004842580341748
E2,157,3.0048115137069593
E2,158,3.0047808431324867
E2,159,3.0047505610924468
E2,160,3.0047206602504364
E2,161,3.004691133453604
E2,162,3.004661973726925
E2,163,3.0046331742677452
E2,164,3.0046047284404467
E2,165,3.0045766297714
E2,166,3.0045488719439977
E2,167,3.004521448793976
E2,168,3.004494354304812
E2,169,3.004467582603328
E2,170,3.0044411279554666
E2,171,3.004414984762186
E2,172,3.0043891475554942
E2,173,3.0043636109946696
E2,174,3.0043383698625417
E2,175,3.0043134190619734
E2,176,3.004288753612409
E2,177,3.0042643686465533
E2,178,3.004240259407204
E2,179,3.00421642124411
E2,180,3.0041928496110173
E2,181,3.0041695400627773
E2,182,3.0041464882525237
E2,183,3.004123689929002
E2,184,3.004101140933932
E2,185,3.0040788371995
E2,186,3.0040567747458984
E2,187,3.004034949678959
E2,188,3.0040133581878683
E2,189,3.003991996542947
E2,190,3.0039708610934976
E2,191,3.0039499482657317
E2,192,3.003929254560748
E2,193,3.0039087765525876
E2,194,3.0038885108863447
E2,195,3.0038684542763163
E2,196,3.003848603504252
E2,197,3.003828955417622
E2,198,3.0038095069279294
E2,199,3.003790255009136
E2,200,3.0037711966960385
E3,2,2.6586807763582736
E3,3,1.7724538509055157
E3,4,1.4571943717894087
E3,5,1.289807241750413
E3,6,1.1837061796913626
E3,7,1.109321097763265
E3,8,1.0536665338088878
E3,9,1.0100920572100966
E3,10,0.9748154917560139
E3,11,0.9455153988345991
E3,12,0.9206816550926711
E3,13,0.8992858714873713
E3,14,0.8806012935795593
E3,15,0.8640983825382773
E3,16,0.8493812630679471
E3,17,0.8361474428854936
E3,18,0.8241613882334515
E3,19,0.8132366687133177
E3,20,0.8032235783443301
E3,21,0.7940003575926062
E3,22,0.7854668435171286
E3,23,0.7775397940709113
E3,24,0.7701493899056712
E3,25,0.7632365793017196
E3,26,0.7567510366281658
E3,27,0.7506495738556286
E3,28,0.7448948911237921
E3,29,0.7394545841772661
E3,30,0.7343003486090209
E3,31,0.7294073364678318
E3,32,0.7247536319619942
E3,33,0.7203198210888787
E3,34,0.7160886359570073
E3,35,0.7120446589672559
E3,36,0.7081740753140798
E3,37,0.7044644647575042
E3,38,0.7009046255152411
E3,39,0.6974844245842086
E3,40,0.6941946699320888
E3,41,0.6910270008828393
E3,42,0.6879737937144673
E3,43,0.6850280800368944
E3,44,0.6821834759553206
E3,45,0.6794341203750166
E3,46,0.6767746210858271
E3,47,0.6742000074933381
E3,48,0.671705689049788
E3,49,0.6692874185900418
E3,50,0.6669412599030524
E3,51,0.6646635589724826
E3,52,0.6624509184057374
E3,53,0.6603001746418823
E3,54,0.6582083775884215
E3,55,0.6561727723867986
E3,56,0.6541907830484732
E3,57,0.6522599977388803
E3,58,0.6503781555166135
E3,59,0.6485431343607035
E3,60,0.6467529403406244
E3,61,0.6450056978022651
E3,62,0.6432996404590576
E3,63,0.6416331032911701
E3,64,0.6400045151674836
E3,65,0.6384123921153639
E3,66,0.6368553311718645
E3,67,0.6353320047580752
E3,68,0.6338411555246166
E3,69,0.6323815916223734
E3,70,0.6309521823575656
E3,71,0.629551854194752
E3,72,0.6281795870752768
E3,73,0.626834411022124
E3,74,0.6255154030051875
E3,75,0.6242216840436484
E3,76,0.6229524165245287
E3,77,0.6217068017185926
E3,78,0.6204840774766376
E3,79,0.6192835160908755
E3,80,0.6181044223075824
E3,81,0.6169461314785208
E3,82,0.6158080078398028
E3,83,0.6146894429079323
E3,84,0.6135898539836955
E3,85,0.6125086827554218
E3,86,0.6114453939938961
E3,87,0.6103994743318891
E3,88,0.6093704311218854
E3,89,0.6083577913661484
E3,90,0.6073611007137598
E3,91,0.6063799225197292
E3,92,0.6054138369616718
E3,93,0.6044624402099368
E3,94,0.6035253436473933
E3,95,0.6026021731353977
E3,96,0.6016925683227359
E3,97,0.600796181994601
E3,98,0.599912679458878
E3,99,0.5990417379672386
E3,100,0.5981830461687299
E3,101,0.5973363035937165
E3,102,0.596501220166202
E3,103,0.5956775157427029
E3,104,0.5948649196759617
E3,105,0.5940631704019699
E3,106,0.5932720150487908
E3,107,0.5924912090658667
E3,108,0.5917205158725415
E3,109,0.5909597065246263
E3,110,0.590208559397929
E3,111,0.5894668598877262
E3,112,0.5887344001232406
E3,113,0.588010978696254
E3,114,0.5872964004029984
E3,115,0.5865904759986129
E3,116,0.585893021963413
E3,117,0.5852038602803039
E3,118,0.5845228182227501
E3,119,0.5838497281526629
E3,120,0.5831844273276978
E3,121,0.5825267577174339
E3,122,0.5818765658279534
E3,123,0.5812337025343726
E3,124,0.5805980229209032
E3,125,0.5799693861280398
E3,126,0.5793476552065058
E3,127,0.5787326969776037
E3,128,0.5781243818996413
E3,129,0.5775225839401215
E3,130,0.5769271804534046
E3,131,0.5763380520635654
E3,132,0.5757550825521901
E3,133,0.5751781587508628
E3,134,0.5746071704381145
E3,135,0.5740420102406157
E3,136,0.5734825735384074
E3,137,0.5729287583739753
E3,138,0.5723804653649853
E3,139,0.5718375976205065
E3,140,0.5713000606605556
E3,141,0.5707677623388125
E3,142,0.5702406127683537
E3,143,0.5697185242502706
E3,144,0.5692014112050376
E3,145,0.5686891901065063
E3,146,0.568181779418406
E3,147,0.5676790995332419
E3,148,0.5671810727134814
E3,149,0.5666876230349275
E3,150,0.5661986763321863
E3,151,0.5657141601461352
E3,152,0.5652340036733042
E3,153,0.5647581377170927
E3,154,0.5642864946407389
E3,155,0.563819008321969
E3,156,0.5633556141092575
E3,157,0.5628962487796286
E3,158,0.5624408504979355
E3,159,0.5619893587775573
E3,160,0.5615417144424554
E3,161,0.561097859590532
E3,162,0.5606577375582423
E3,163,0.560221292886403
E3,164,0.5597884712871584
E3,165,0.5593592196120489
E3,166,0.5589334858211457
E3,167,0.5585112189532049
E3,168,0.5580923690968044
E3,169,0.5576768873624237
E3,170,0.5572647258554312
E3,171,0.5568558376499432
E3,172,0.5564501767635226
E3,173,0.556047698132686
E3,174,0.5556483575891852
E3,175,0.5552521118370405
E3,176,0.55485891843029
E3,177,0.5544687357514355
E3,178,0.5540815229905557
E3,179,0.5536972401250624
E3,180,0.5533158479000773
E3,181,0.552937307809407
E3,182,0.5525615820770939
E3,183,0.5521886336395232
E3,184,0.5518184261280655
E3,185,0.5514509238522369
E3,186,0.5510860917833583
E3,187,0.550723895538695
E3,188,0.5503643013660621
E3,189,0.5500072761288786
E3,190,0.5496527872916533
E3,191,0.5493008029058923
E3,192,0.5489512915964064
E3,193,0.5486042225480126
E3,194,0.5482595654926109
E3,195,0.5479172906966278
E3,196,0.5475773689488093
E3,197,0.5472397715483588
E3,198,0.5469044702934006
E3,199,0.5465714374697656
E3,200,0.5462406458400835
c4,2,0.7978845608028655
c4,3,0.8862269254527579
c4,4,0.9213177319235614
c4,5,0.9399856029866253
c4,6,0.9515328619481446
c4,7,0.9593687886998328
c4,8,0.965030456147372
c4,9,0.969310699713954
c4,10,0.9726592741215883
c4,11,0.9753500771452291
c4,12,0.9775593518547722
c4,13,0.9794056043142176
c4,14,0.9809714367555165
c4,15,0.9823161771626504
c4,16,0.9834835316158412
c4,17,0.9845064054718315
c4,18,0.9854100438080792
c4,19,0.9862141368601933
c4,20,0.9869342675246554
c4,21,0.9875829288261562
c4,22,0.9881702533158311
c4,23,0.988704545233999
c4,24,0.9891926749585048
c4,25,0.9896403755857031
c4,26,0.9900524688409104
c4,27,0.9904330392094479
c4,28,0.9907855696217324
c4,29,0.9911130482419841
c4,30,0.991418053292673
c4,31,0.9917028210095852
c4,32,0.9919693005153015
c4,33,0.992219198457235
c4,34,0.9924540155701331
c4,35,0.9926750768173584
c4,36,0.9928835563890198
c4,37,0.9930804985523812
c4,38,0.9932668351357372
c4,39,0.9934434002632164
c4,40,0.993610942831886
c4,41,0.9937701371246285
c4,42,0.993921591875847
c4,43,0.9940658580468493
c4,44,0.9942034355202115
c4,45,0.994334778884461
c4,46,0.9944603024500939
c4,47,0.9945803846135084
c4,48,0.9946953716656337
c4,49,0.9948055811259866
c4,50,0.9949113046697327
c4,51,0.995012810704555
c4,52,0.9951103466452501
c4,53,0.9952041409266302
c4,54,0.9952944047891795
c4,55,0.9953813338668621
c4,56,0.9954651096021642
c4,57,0.9955459005099415
c4,58,0.9956238633085569
c4,59,0.9956991439343097
c4,60,0.995771878452957
c4,61,0.9958421938803004
c4,62,0.9959102089222579
c4,63,0.9959760346434724
c4,64,0.9960397750724082
c4,65,0.9961015277498287
c4,66,0.9961613842267679
c4,67,0.9962194305173305
c4,68,0.9962757475110237
c4,69,0.996330411348791
c4,70,0.9963834937664097
c4,71,0.9964350624085144
c4,72,0.9964851811161427
c4,73,0.9965339101903564
c4,74,0.9965813066342477
c4,75,0.9966274243753505
c4,76,0.9966723144703015
c4,77,0.9967160252933698
c4,78,0.9967586027103208
c4,79,0.9968000902389327
c4,80,0.9968405291973461
c4,81,0.9968799588412999
c4,82,0.9969184164912251
c4,83,0.9969559376500561
c4,84,0.9969925561125301
c4,85,0.9970283040667051
c4,86,0.997063212188315
c4,87,0.997097309728556
c4,88,0.9971306245958286
c4,89,0.9971631834319101
c4,90,0.9971950116830101
c4,91,0.9972261336660837
c4,92,0.9972565726307911
c4,93,0.997286350817412
c4,94,0.9973154895110383
c4,95,0.997344009092303
c4,96,0.9973719290849217
c4,97,0.9973992682002538
c4,98,0.9974260443791255
c4,99,0.9974522748310785
c4,100,0.9974779760712637
c4,101,0.997503163955105
c4,102,0.9975278537109213
c4,103,0.997552059970622
c4,104,0.997575796798624
c4,105,0.9975990777190978
c4,106,0.997621915741659
c4,107,0.9976443233856161
c4,108,0.997666312702841
c4,109,0.9976878952993953
c4,110,0.9977090823559471
c4,111,0.9977298846470835
c4,112,0.9977503125595868
c4,113,0.9977703761097189
c4,114,0.9977900849596006
c4,115,0.9978094484327271
c4,116,0.9978284755286668
c4,117,0.997847174937019
c4,118,0.9978655550506343
c4,119,0.9978836239781779
c4,120,0.9979013895560607
c4,121,0.997918859359766
c4,122,0.9979360407146237
c4,123,0.9979529407060433
c4,124,0.9979695661892674
c4,125,0.9979859237986336
c4,126,0.9980020199564082
c4,127,0.9980178608811838
c4,128,0.9980334525959004
c4,129,0.9980488009354707
c4,130,0.9980639115540693
c4,131,0.9980787899320653
c4,132,0.9980934413826643
c4,133,0.9981078710582189
c4,134,0.9981220839562822
c4,135,0.9981360849253693
c4,136,0.9981498786704789
c4,137,0.9981634697583563
c4,138,0.9981768626225431
c4,139,0.9981900615681928
c4,140,0.998203070776687
c4,141,0.9982158943100501
c4,142,0.9982285361151808
c4,143,0.9982410000278981
c4,144,0.9982532897768237
c4,145,0.998265408987103
c4,146,0.9982773611839677
c4,147,0.9982891497961487
c4,148,0.9983007781591685
c4,149,0.9983122495184762
c4,150,0.9983235670324694
c4,151,0.9983347337754012
c4,152,0.9983457527401531
c4,153,0.9983566268409136
c4,154,0.9983673589157529
c4,155,0.9983779517290824
c4,156,0.9983884079740386
c4,157,0.9983987302747575
c4,158,0.998408921188574
c4,159,0.998418983208137
c4,160,0.9984289187634358
c4,161,0.9984387302237578
c4,162,0.9984484198995794
c4,163,0.9984579900443673
c4,164,0.9984674428563398
c4,165,0.9984767804801343
c4,166,0.9984860050084475
c4,167,0.9984951184835804
c4,168,0.9985041228989588
c4,169,0.9985130202005852
c4,170,0.9985218122884342
c4,171,0.9985305010178094
c4,172,0.998539088200653
c4,173,0.9985475756067939
c4,174,0.998555964965178
c4,175,0.9985642579650295
c4,176,0.9985724562569918
c4,177,0.9985805614542257
c4,178,0.9985885751334547
c4,179,0.9985964988360048
c4,180,0.9986043340687799
c4,181,0.9986120823052183
c4,182,0.9986197449862254
c4,183,0.9986273235210568
c4,184,0.9986348192881891
c4,185,0.998642233636151
c4,186,0.9986495678843349
c4,187,0.9986568233237798
c4,188,0.9986640012179275
c4,189,0.998671102803356
c4,190,0.9986781292904912
c4,191,0.9986850818642927
c4,192,0.9986919616849225
c4,193,0.9986987698883873
c4,194,0.998705507587165
c4,195,0.9987121758708145
c4,196,0.9987187758065562
c4,197,0.9987253084398444
c4,198,0.9987317747949253
c4,199,0.9987381758753577
c4,200,0.9987445126645509
d2,2,1.1283791670955128
d2,3,1.6925687506432692
d2,4,2.0587507460079286
d2,5,2.32592894728104
d2,6,2.534412721222943
d2,7,2.7043567512138096
d2,8,2.8472006120905564
d2,9,2.9700263244184755
d2,10,3.077505461670349
d2,11,3.172872703816002
d2,12,3.2584552797438278
d2,13,3.3359803540982567
d2,14,3.4067631081999545
d2,15,3.4718268898820766
d2,16,3.5319827861095776
d2,17,3.5878839617653844
d2,18,3.640063757937446
d2,19,3.688963023207652
d2,20,3.7349501195966437
d2,21,3.7783358298426237
d2,22,3.8193846433628353
d2,23,3.8583234232850097
d2,24,3.895348148451359
d2,25,3.930629219507117
d2,26,3.964315679522575
d2,27,3.996538604013097
d2,28,4.027413848246461
d2,29,4.057044292095191
d2,30,4.085521688343026
d2,31,4.1129281952763925
d2,32,4.139337655857817
d2,33,4.164816671940278
d2,34,4.1894255115369745
d2,35,4.2132188792079095
d2,36,4.236246573512989
d2,37,4.258554050746451
d2,38,4.280182910470414
d2,39,4.301171315457532
d2,40,4.321554356350045
d2,41,4.341364369506941
d2,42,4.360631215038843
d2,43,4.379382520842686
d2,44,4.397643897484969
d2,45,4.415439127996894
d2,46,4.432790336001011
d2,47,4.44971813505897
d2,48,4.466241761691607
d2,49,4.482379194158419
d2,50,4.498147258779708
d2,51,4.513561725330275
d2,52,4.528637392819738
d2,53,4.543388166794092
d2,54,4.557827129140406
d2,55,4.571966601246858
d2,56,4.585818201259663
d2,57,4.5993928960840424
d2,58,4.612701048695303
d2,59,4.625752461256455
d2,60,4.638556414478757
d2,61,4.651121703609646
d2,62,4.663456671387543
d2,63,4.675569238263902
d2,64,4.687466930158964
d2,65,4.699156903987363
d2,66,4.710645971165478
d2,67,4.72194061928669
d2,68,4.733047032133729
d2,69,4.74397110817775
d2,70,4.754718477698959
d2,71,4.765294518649689
d2,72,4.775704371368725
d2,73,4.785952952244856
d2,74,4.79604496641807
d2,75,4.805984919598253
d2,76,4.81577712907367
d2,77,4.825425733974695
d2,78,4.8349347048522056
d2,79,4.844307852624598
d2,80,4.853548836942528
d2,81,4.862661174016043
d2,82,4.871648243944928
d2,83,4.8805132975894265
d2,84,4.8892594630153665
d2,85,4.897889751544824
d2,86,4.906407063440809
d2,87,4.914814193252117
d2,88,4.923113834842348
d2,89,4.931308586125117
d2,90,4.93940095352576
d2,91,4.947393356188162
d2,92,4.955288129943959
d2,93,4.963087531059937
d2,94,4.9707937397782835
d2,95,4.97840886366325
d2,96,4.985934940766727
d2,97,4.993373942624287
d2,98,5.000727777092499
d2,99,5.007998291037392
d2,100,5.015187272883337
d2,101,5.0222964550309275
d2,102,5.029327516151795
d2,103,5.036282083367775
d2,104,5.043161734321428
d2,105,5.049967999144039
d2,106,5.0567023623274725
d2,107,5.063366264505188
d2,108,5.069961104147705
d2,109,5.0764882391774115
d2,110,5.0829489885072086
d2,111,5.089344633507302
d2,112,5.095676419404073
d2,113,5.101945556614677
d2,114,5.1081532220211505
d2,115,5.114300560186889
d2,116,5.120388684518827
d2,117,5.12641867837824
d2,118,5.132391596142546
d2,119,5.138308464221073
d2,120,5.144170282026867
d2,121,5.149978022906905
d2,122,5.155732635032816
d2,123,5.161435042254089
d2,124,5.1670861449156185
d2,125,5.172686820641409
d2,126,5.178237925086042
d2,127,5.183740292655517
d2,128,5.189194737198925
d2,129,5.1946020526723595
d2,130,5.199963013776388
d2,131,5.205278376568349
d2,132,5.2105488790506005
d2,133,5.215775241735916
d2,134,5.2209581681910135
d2,135,5.226098345559271
d2,136,5.231196445063528
d2,137,5.236253122489918
d2,138,5.2412690186535515
d2,139,5.246244759846862
d2,140,5.251180958271391
d2,141,5.256078212453728
d2,142,5.260937107646306
d2,143,5.265758216213689
d2,144,5.27054209800499
d2,145,5.275289300713011
d2,146,5.2800003602206615
d2,147,5.284675800935186
d2,148,5.2893161361107115
d2,149,5.293921868159623
d2,150,5.2984934889531825
d2,151,5.303031480111865
d2,152,5.307536313285833
d2,153,5.312008450425917
d2,154,5.316448344045507
d2,155,5.320856437473725
d2,156,5.325233165100185
d2,157,5.329578952611721
d2,158,5.333894217221357
d2,159,5.338179367889845
d2,160,5.342434805540041
d2,161,5.3466609232644124
d2,162,5.350858106525915
d2,163,5.35502673335252
d2,164,5.35916717452559
d2,165,5.363279793762388
d2,166,5.367364947892881
d2,167,5.371422987031092
d2,168,5.375454254741176
d2,169,5.379459088198425
d2,170,5.383437818345382
d2,171,5.387390770043239
d2,172,5.391318262218694
d2,173,5.39522060800642
d2,174,5.399098114887311
d2,175,5.40295108482264
d2,176,5.406779814384306
d2,177,5.410584594881251
d2,178,5.4143657124822315
d2,179,5.418123448335044
d2,180,5.421858078682335
d2,181,5.425569874974101
d2,182,5.429259103977007
d2,183,5.432926027880617
d2,184,5.436570904400649
d2,185,5.440193986879347
d2,186,5.443795524383063
d2,187,5.447375761797163
d2,188,5.450934939918313
d2,189,5.454473295544249
d2,190,5.4579910615611205
d2,191,5.4614884670284525
d2,192,5.46496573726185
d2,193,5.468423093913477
d2,194,5.471860755050396
d2,195,5.475278935230842
d2,196,5.478677845578489
d2,197,5.482057693854757
d2,198,5.485418684529265
d2,199,5.488761018848427
d2,200,5.492084894902301
d3,2,0.8525024664464096
d3,3,0.8883680040488098
d3,4,0.8798082027235993
d3,5,0.8640819408137413
d3,6,0.8480396861352409
d3,7,0.8332053355501993
d3,8,0.8198314897040918
d3,9,0.807834274450714
d3,10,0.7970506734026644
d3,11,0.787314620421428
d3,12,0.7784783410630479
d3,13,0.7704162019131001
d3,14,0.76302309546576
d3,15,0.7562114295612868
d3,16,0.7499080892373152
d3,17,0.744051783783207
d3,18,0.7385908531977509
d3,19,0.7334814953372639
d3,20,0.7286863455252884
d3,21,0.7241733405359693
d3,22,0.7199148082568372
d3,23,0.715886735318577
d3,24,0.7120681749802316
d3,25,0.7084407657148233
d3,26,0.7049883376511581
d3,27,0.7016965887212794
d3,28,0.6985528170378242
d3,29,0.6955456981368138
d3,30,0.6926650987775133
d3,31,0.689901920430229
d3,32,0.6872479670731523
d3,33,0.684695832997288
d3,34,0.6822388071471652
d3,35,0.6798707912443427
d3,36,0.6775862293502268
d3,37,0.6753800471137885
d3,38,0.6732475991134769
d3,39,0.6711846230767337
d3,40,0.6691871999422259
d3,41,0.6672517189008184
d3,42,0.6653748466981515
d3,43,0.6635535006009692
d3,44,0.6617848245217883
d3,45,0.6600661678720599
d3,46,0.6583950667927663
d3,47,0.6567692274280428
d3,48,0.6551865110189877
d3,49,0.6536449205583588
d3,50,0.6521425888336063
d3,51,0.6506777676796864
d3,52,0.6492488183079859
d3,53,0.647854202582969
d3,54,0.6464924743316293
d3,55,0.6451622753765766
d3,56,0.6438623243579931
d3,57,0.6425914139543221
d3,58,0.6413484047260346
d3,59,0.6401322205298003
d3,60,0.6389418430699629
d3,61,0.6377763092496468
d3,62,0.6366347064970574
d3,63,0.6355161695536405
d3,64,0.6344198773752511
d3,65,0.6333450502026169
d3,66,0.6322909466801923
d3,67,0.6312568623692969
d3,68,0.6302421260062465
d3,69,0.6292460984028372
d3,70,0.6282681702548044
d3,71,0.6273077605370728
d3,72,0.6263643139368108
d3,73,0.6254373011062534
d3,74,0.6245262154356668
d3,75,0.6236305726152225
d3,76,0.6227499092153118
d3,77,0.6218837815288237
d3,78,0.6210317644920922
d3,79,0.6201934506699067
d3,80,0.6193684493494638
d3,81,0.6185563856052377
d3,82,0.6177568995145625
d3,83,0.616969645374293
d3,84,0.6161942913952762
d3,85,0.6154305173541933
d3,86,0.6146780164661966
d3,87,0.6139364836277347
d3,88,0.6132056626886587
d3,89,0.6124852509265497
d3,90,0.6117749941184258
d3,91,0.6110746373621935
d3,92,0.610383935219638
d3,93,0.609702650846028
d3,94,0.6090305558460937
d3,95,0.6083674291101894
d3,96,0.6077130579005404
d3,97,0.6070672360850505
d3,98,0.6064297645410646
d3,99,0.6058004511970587
d3,100,0.6051791097698357
d3,101,0.6045655602059041
d3,102,0.6039596282414874
d3,103,0.6033611453365265
d3,104,0.6027699477935837
d3,105,0.6021858775043232
d3,106,0.601608781103454
d3,107,0.601038509926083
d3,108,0.6004749198455916
d3,109,0.5999178710600498
d3,110,0.5993672279475162
d3,111,0.5988228588964453
d3,112,0.5982846361577574
d3,113,0.5977524356867964
d3,114,0.5972261370332244
d3,115,0.5967056231655361
d3,116,0.5961907803737073
d3,117,0.595681498137564
d3,118,0.5951776690166021
d3,119,0.5946791885326832
d3,120,0.5941859550688839
d3,121,0.5936978697597131
d3,122,0.5932148364204733
d3,123,0.592736741855849
d3,124,0.5922635535940836
d3,125,0.5917951242093604
d3,126,0.5913313868096439
d3,127,0.5908722572020386
d3,128,0.5904176533428764
d3,129,0.589967495263278
d3,130,0.5895217050418725
d3,131,0.5890802067004751
d3,132,0.5886429261342765
d3,133,0.5882097910888897
d3,134,0.5877807310795738
d3,135,0.5873556773325105
d3,136,0.5869345627239281
d3,137,0.5865173217596757
d3,138,0.5861038904834915
d3,139,0.5856942064758116
d3,140,0.5852882087587178
d3,141,0.5848858377828253
d3,142,0.5844870353756758
d3,143,0.5840917447006927
d3,144,0.5836999102181892
d3,145,0.5833114776451477
d3,146,0.5829263939208121
d3,147,0.5825446071695021
d3,148,0.5821660666538359
d3,149,0.5817907227925888
d3,150,0.5814185270517549
d3,151,0.5810494319662279
d3,152,0.5806833910961489
d3,153,0.5803203589973597
d3,154,0.5799602911964188
d3,155,0.5796031441605801
d3,156,0.5792488752750315
d3,157,0.5788974428139636
d3,158,0.5785488059212215
d3,159,0.5782029245818178
d3,160,0.5778597596042488
d3,161,0.5775192725943279
d3,162,0.5771814259373161
d3,163,0.5768461827758689
d3,164,0.5765135069901288
d3,165,0.5761833631650978
d3,166,0.5758557166268407
d3,167,0.5755305333460412
d3,168,0.5752077799675303
d3,169,0.5748874237845761
d3,170,0.5745694327231655
d3,171,0.5742537753237793
d3,172,0.5739404207305785
d3,173,0.5736293386677125
d3,174,0.5733204994350038
d3,175,0.5730138738895055
d3,176,0.572709433427843
d3,177,0.5724071499812423
d3,178,0.5721069959959665
d3,179,0.5718089444237654
d3,180,0.5715129687112026
d3,181,0.5712190427843261
d3,182,0.5709271410395996
d3,183,0.5706372384012545
d3,184,0.5703493100421354
d3,185,0.5700633317716247
d3,186,0.5697792797578315
d3,187,0.569497130501384
d3,188,0.5692168611797023
d3,189,0.5689384491007634
d3,190,0.568661872050217
d3,191,0.5683871081984414
d3,192,0.5681141360864969
d3,193,0.567842934622295
d3,194,0.5675734830691076
d3,195,0.5673057610392004
d3,196,0.5670397484853599
d3,197,0.5667754256985578
d3,198,0.5665127732909332
d3,199,0.5662517721963871
d3,200,0.5659924033532598
